surface	pattern-or-id	source-line	current-owner	acceptance-family	registered-detail	status
better-auth-http-endpoint	better-auth:accountInfo	apps/convex/node_modules/better-auth/dist/api/routes/account.mjs:484	Native Better Auth SDK candidate	identity	better-auth-core | GET | HTTP-public-with-native-auth-policy | /api/auth/account-info	OPEN
better-auth-http-endpoint	better-auth:callbackOAuth	apps/convex/node_modules/better-auth/dist/api/routes/callback.mjs:21	Native Better Auth SDK candidate	identity	better-auth-core | GET,POST | HTTP-public-with-native-auth-policy | /api/auth/callback/:id	OPEN
better-auth-http-endpoint	better-auth:changeEmail	apps/convex/node_modules/better-auth/dist/api/routes/update-user.mjs:400	Native Better Auth SDK candidate	identity	better-auth-core | POST | HTTP-public-with-native-auth-policy | /api/auth/change-email	OPEN
better-auth-http-endpoint	better-auth:changeEmailEmailOTP	apps/convex/node_modules/better-auth/dist/plugins/email-otp/routes.mjs:692	Native Better Auth SDK candidate	identity	email-otp | POST | HTTP-public-with-native-auth-policy | /api/auth/email-otp/change-email	OPEN
better-auth-http-endpoint	better-auth:changePassword	apps/convex/node_modules/better-auth/dist/api/routes/update-user.mjs:75	Native Better Auth SDK candidate	identity	better-auth-core | POST | HTTP-public-with-native-auth-policy | /api/auth/change-password | HTTP disabled fixed	OPEN
better-auth-http-endpoint	better-auth:checkVerificationOTP	apps/convex/node_modules/better-auth/dist/plugins/email-otp/routes.mjs:221	Native Better Auth SDK candidate	identity	email-otp | POST | HTTP-public-with-native-auth-policy | /api/auth/email-otp/check-verification-otp	OPEN
better-auth-http-endpoint	better-auth:createApiKey	apps/convex/node_modules/@better-auth/api-key/dist/index.mjs:598	Native Better Auth SDK candidate	account	api-key | POST | HTTP-public-with-native-auth-policy | /api/auth/api-key/create | HTTP disabled fixed	OPEN
better-auth-http-endpoint	better-auth:deleteApiKey	apps/convex/node_modules/@better-auth/api-key/dist/index.mjs:888	Native Better Auth SDK candidate	account	api-key | POST | HTTP-public-with-native-auth-policy | /api/auth/api-key/delete | HTTP disabled fixed	OPEN
better-auth-http-endpoint	better-auth:deleteUser	apps/convex/node_modules/better-auth/dist/api/routes/update-user.mjs:229	Native Better Auth SDK candidate	identity	better-auth-core | POST | HTTP-public-with-native-auth-policy | /api/auth/delete-user | HTTP disabled fixed	OPEN
better-auth-http-endpoint	better-auth:deleteUserCallback	apps/convex/node_modules/better-auth/dist/api/routes/update-user.mjs:346	Native Better Auth SDK candidate	identity	better-auth-core | GET | HTTP-public-with-native-auth-policy | /api/auth/delete-user/callback | HTTP disabled fixed	OPEN
better-auth-http-endpoint	better-auth:error	apps/convex/node_modules/better-auth/dist/api/routes/error.mjs:346	Native Better Auth SDK candidate	identity	better-auth-core | GET | HTTP-public-with-native-auth-policy | /api/auth/error	OPEN
better-auth-http-endpoint	better-auth:forgetPasswordEmailOTP	apps/convex/node_modules/better-auth/dist/plugins/email-otp/routes.mjs:512	Native Better Auth SDK candidate	identity	email-otp | POST | HTTP-public-with-native-auth-policy | /api/auth/forget-password/email-otp | conditional signInPolicy(env).passwordReset	OPEN
better-auth-http-endpoint	better-auth:getAccessToken	apps/convex/node_modules/better-auth/dist/api/routes/account.mjs:344	Native Better Auth SDK candidate	identity	better-auth-core | POST | HTTP-public-with-native-auth-policy | /api/auth/get-access-token	OPEN
better-auth-http-endpoint	better-auth:getApiKey	apps/convex/node_modules/@better-auth/api-key/dist/index.mjs:958	Native Better Auth SDK candidate	account	api-key | GET | HTTP-public-with-native-auth-policy | /api/auth/api-key/get | HTTP disabled fixed	OPEN
better-auth-http-endpoint	better-auth:getJwks	apps/convex/node_modules/@convex-dev/better-auth/src/plugins/convex/index.ts:396	Native Better Auth SDK candidate	identity	convex | GET | HTTP-public-with-native-auth-policy | /api/auth/convex/jwks	OPEN
better-auth-http-endpoint	better-auth:getOpenIdConfig	apps/convex/node_modules/@convex-dev/better-auth/src/plugins/convex/index.ts:377	Native Better Auth SDK candidate	identity	convex | GET | HTTP-public-with-native-auth-policy | /api/auth/convex/.well-known/openid-configuration	OPEN
better-auth-http-endpoint	better-auth:getSession	apps/convex/node_modules/better-auth/dist/api/routes/session.mjs:17	Native Better Auth SDK candidate	identity	better-auth-core | GET,POST | HTTP-public-with-native-auth-policy | /api/auth/get-session	OPEN
better-auth-http-endpoint	better-auth:getToken	apps/convex/node_modules/@convex-dev/better-auth/src/plugins/convex/index.ts:570	Native Better Auth SDK candidate	identity	convex | GET | HTTP-public-with-native-auth-policy | /api/auth/convex/token	OPEN
better-auth-http-endpoint	better-auth:linkSocialAccount	apps/convex/node_modules/better-auth/dist/api/routes/account.mjs:69	Native Better Auth SDK candidate	identity	better-auth-core | POST | HTTP-public-with-native-auth-policy | /api/auth/link-social	OPEN
better-auth-http-endpoint	better-auth:listApiKeys	apps/convex/node_modules/@better-auth/api-key/dist/index.mjs:1123	Native Better Auth SDK candidate	account	api-key | GET | HTTP-public-with-native-auth-policy | /api/auth/api-key/list | HTTP disabled fixed	OPEN
better-auth-http-endpoint	better-auth:listSessions	apps/convex/node_modules/better-auth/dist/api/routes/session.mjs:374	Native Better Auth SDK candidate	identity	better-auth-core | GET | HTTP-public-with-native-auth-policy | /api/auth/list-sessions	OPEN
better-auth-http-endpoint	better-auth:listUserAccounts	apps/convex/node_modules/better-auth/dist/api/routes/account.mjs:15	Native Better Auth SDK candidate	identity	better-auth-core | GET | HTTP-public-with-native-auth-policy | /api/auth/list-accounts	OPEN
better-auth-http-endpoint	better-auth:oAuth2Callback	apps/convex/node_modules/better-auth/dist/plugins/generic-oauth/routes.mjs:123	Native Better Auth SDK candidate	identity	generic-oauth | GET | HTTP-public-with-native-auth-policy | /api/auth/oauth2/callback/:providerId	OPEN
better-auth-http-endpoint	better-auth:oAuth2LinkAccount	apps/convex/node_modules/better-auth/dist/plugins/generic-oauth/routes.mjs:335	Native Better Auth SDK candidate	identity	generic-oauth | POST | HTTP-public-with-native-auth-policy | /api/auth/oauth2/link	OPEN
better-auth-http-endpoint	better-auth:ok	apps/convex/node_modules/better-auth/dist/api/routes/ok.mjs:4	Native Better Auth SDK candidate	identity	better-auth-core | GET | HTTP-public-with-native-auth-policy | /api/auth/ok	OPEN
better-auth-http-endpoint	better-auth:refreshToken	apps/convex/node_modules/better-auth/dist/api/routes/account.mjs:381	Native Better Auth SDK candidate	identity	better-auth-core | POST | HTTP-public-with-native-auth-policy | /api/auth/refresh-token	OPEN
better-auth-http-endpoint	better-auth:requestEmailChangeEmailOTP	apps/convex/node_modules/better-auth/dist/plugins/email-otp/routes.mjs:621	Native Better Auth SDK candidate	identity	email-otp | POST | HTTP-public-with-native-auth-policy | /api/auth/email-otp/request-email-change	OPEN
better-auth-http-endpoint	better-auth:requestPasswordReset	apps/convex/node_modules/better-auth/dist/api/routes/password.mjs:20	Native Better Auth SDK candidate	identity	better-auth-core | POST | HTTP-public-with-native-auth-policy | /api/auth/request-password-reset	OPEN
better-auth-http-endpoint	better-auth:requestPasswordResetCallback	apps/convex/node_modules/better-auth/dist/api/routes/password.mjs:92	Native Better Auth SDK candidate	identity	better-auth-core | GET | HTTP-public-with-native-auth-policy | /api/auth/reset-password/:token	OPEN
better-auth-http-endpoint	better-auth:requestPasswordResetEmailOTP	apps/convex/node_modules/better-auth/dist/plugins/email-otp/routes.mjs:461	Native Better Auth SDK candidate	identity	email-otp | POST | HTTP-public-with-native-auth-policy | /api/auth/email-otp/request-password-reset | conditional signInPolicy(env).passwordReset	OPEN
better-auth-http-endpoint	better-auth:resetPassword	apps/convex/node_modules/better-auth/dist/api/routes/password.mjs:129	Native Better Auth SDK candidate	identity	better-auth-core | POST | HTTP-public-with-native-auth-policy | /api/auth/reset-password	OPEN
better-auth-http-endpoint	better-auth:resetPasswordEmailOTP	apps/convex/node_modules/better-auth/dist/plugins/email-otp/routes.mjs:566	Native Better Auth SDK candidate	identity	email-otp | POST | HTTP-public-with-native-auth-policy | /api/auth/email-otp/reset-password | conditional signInPolicy(env).passwordReset	OPEN
better-auth-http-endpoint	better-auth:revokeOtherSessions	apps/convex/node_modules/better-auth/dist/api/routes/session.mjs:477	Native Better Auth SDK candidate	identity	better-auth-core | POST | HTTP-public-with-native-auth-policy | /api/auth/revoke-other-sessions	OPEN
better-auth-http-endpoint	better-auth:revokeSession	apps/convex/node_modules/better-auth/dist/api/routes/session.mjs:404	Native Better Auth SDK candidate	identity	better-auth-core | POST | HTTP-public-with-native-auth-policy | /api/auth/revoke-session	OPEN
better-auth-http-endpoint	better-auth:revokeSessions	apps/convex/node_modules/better-auth/dist/api/routes/session.mjs:447	Native Better Auth SDK candidate	identity	better-auth-core | POST | HTTP-public-with-native-auth-policy | /api/auth/revoke-sessions	OPEN
better-auth-http-endpoint	better-auth:sendVerificationEmail	apps/convex/node_modules/better-auth/dist/api/routes/email-verification.mjs:37	Native Better Auth SDK candidate	identity	better-auth-core | POST | HTTP-public-with-native-auth-policy | /api/auth/send-verification-email	OPEN
better-auth-http-endpoint	better-auth:sendVerificationOTP	apps/convex/node_modules/better-auth/dist/plugins/email-otp/routes.mjs:74	Native Better Auth SDK candidate	identity	email-otp | POST | HTTP-public-with-native-auth-policy | /api/auth/email-otp/send-verification-otp	OPEN
better-auth-http-endpoint	better-auth:signInEmail	apps/convex/node_modules/better-auth/dist/api/routes/sign-in.mjs:211	Native Better Auth SDK candidate	identity	better-auth-core | POST | HTTP-public-with-native-auth-policy | /api/auth/sign-in/email	OPEN
better-auth-http-endpoint	better-auth:signInEmailOTP	apps/convex/node_modules/better-auth/dist/plugins/email-otp/routes.mjs:385	Native Better Auth SDK candidate	identity	email-otp | POST | HTTP-public-with-native-auth-policy | /api/auth/sign-in/email-otp | conditional signInPolicy(env).magic	OPEN
better-auth-http-endpoint	better-auth:signInSocial	apps/convex/node_modules/better-auth/dist/api/routes/sign-in.mjs:107	Native Better Auth SDK candidate	identity	better-auth-core | POST | HTTP-public-with-native-auth-policy | /api/auth/sign-in/social	OPEN
better-auth-http-endpoint	better-auth:signInWithOAuth2	apps/convex/node_modules/better-auth/dist/plugins/generic-oauth/routes.mjs:49	Native Better Auth SDK candidate	identity	generic-oauth | POST | HTTP-public-with-native-auth-policy | /api/auth/sign-in/oauth2	OPEN
better-auth-http-endpoint	better-auth:signOut	apps/convex/node_modules/better-auth/dist/api/routes/sign-out.mjs:4	Native Better Auth SDK candidate	identity	better-auth-core | POST | HTTP-public-with-native-auth-policy | /api/auth/sign-out	OPEN
better-auth-http-endpoint	better-auth:signUpEmail	apps/convex/node_modules/better-auth/dist/api/routes/sign-up.mjs:22	Native Better Auth SDK candidate	identity	better-auth-core | POST | HTTP-public-with-native-auth-policy | /api/auth/sign-up/email	OPEN
better-auth-http-endpoint	better-auth:unlinkAccount	apps/convex/node_modules/better-auth/dist/api/routes/account.mjs:223	Native Better Auth SDK candidate	identity	better-auth-core | POST | HTTP-public-with-native-auth-policy | /api/auth/unlink-account | HTTP disabled fixed	OPEN
better-auth-http-endpoint	better-auth:updateApiKey	apps/convex/node_modules/@better-auth/api-key/dist/index.mjs:1355	Native Better Auth SDK candidate	account	api-key | POST | HTTP-public-with-native-auth-policy | /api/auth/api-key/update | HTTP disabled fixed	OPEN
better-auth-http-endpoint	better-auth:updateSession	apps/convex/node_modules/better-auth/dist/api/routes/update-session.mjs:9	Native Better Auth SDK candidate	identity	better-auth-core | POST | HTTP-public-with-native-auth-policy | /api/auth/update-session	OPEN
better-auth-http-endpoint	better-auth:updateUser	apps/convex/node_modules/better-auth/dist/api/routes/update-user.mjs:12	Native Better Auth SDK candidate	identity	better-auth-core | POST | HTTP-public-with-native-auth-policy | /api/auth/update-user | HTTP disabled fixed	OPEN
better-auth-http-endpoint	better-auth:verifyEmail	apps/convex/node_modules/better-auth/dist/api/routes/email-verification.mjs:124	Native Better Auth SDK candidate	identity	better-auth-core | GET | HTTP-public-with-native-auth-policy | /api/auth/verify-email	OPEN
better-auth-http-endpoint	better-auth:verifyEmailOTP	apps/convex/node_modules/better-auth/dist/plugins/email-otp/routes.mjs:285	Native Better Auth SDK candidate	identity	email-otp | POST | HTTP-public-with-native-auth-policy | /api/auth/email-otp/verify-email	OPEN
better-auth-http-endpoint	better-auth:verifyOneTimeToken	apps/convex/node_modules/@convex-dev/better-auth/src/plugins/cross-domain/index.ts:189	Native Better Auth SDK candidate	identity	cross-domain | POST | HTTP-public-with-native-auth-policy | /api/auth/cross-domain/one-time-token/verify	OPEN
better-auth-http-endpoint	better-auth:verifyPassword	apps/convex/node_modules/better-auth/dist/api/routes/password.mjs:175	Native Better Auth SDK candidate	identity	better-auth-core | POST | HTTP-public-with-native-auth-policy | /api/auth/verify-password | HTTP disabled fixed	OPEN
better-auth-server-api	better-auth:createVerificationOTP	apps/convex/node_modules/better-auth/dist/plugins/email-otp/routes.mjs:121	Native Better Auth SDK candidate	identity	email-otp | POST | server-only	OPEN
better-auth-server-api	better-auth:deleteAllExpiredApiKeys	apps/convex/node_modules/@better-auth/api-key/dist/index.mjs:865	Native Better Auth SDK candidate	account	api-key | POST | server-only	OPEN
better-auth-server-api	better-auth:getLatestJwks	apps/convex/node_modules/@convex-dev/better-auth/src/plugins/convex/index.ts:493	Native Better Auth SDK candidate	identity	convex | POST | server-only | /api/auth/convex/latest-jwks	OPEN
better-auth-server-api	better-auth:getVerificationOTP	apps/convex/node_modules/better-auth/dist/plugins/email-otp/routes.mjs:165	Native Better Auth SDK candidate	identity	email-otp | GET | server-only	OPEN
better-auth-server-api	better-auth:rotateKeys	apps/convex/node_modules/@convex-dev/better-auth/src/plugins/convex/index.ts:530	Native Better Auth SDK candidate	identity	convex | POST | server-only | /api/auth/convex/rotate-keys	OPEN
better-auth-server-api	better-auth:setPassword	apps/convex/node_modules/better-auth/dist/api/routes/update-user.mjs:195	Native Better Auth SDK candidate	identity	better-auth-core | POST | server-only	OPEN
better-auth-server-api	better-auth:verifyApiKey	apps/convex/node_modules/@better-auth/api-key/dist/index.mjs:1952	Native Better Auth SDK candidate	account	api-key | POST | server-only	OPEN
convex-http-handler	assets/http:options	apps/convex/convex/assets/http.ts:19	Convex source candidate	assets	http-action | HTTP-mount-only | app | direct native constructor	OPEN
convex-http-handler	assets/http:read	apps/convex/convex/assets/http.ts:20	Convex source candidate	assets	http-action | HTTP-mount-only | app | direct native constructor	OPEN
convex-http-handler	assistant/http:options	apps/convex/convex/assistant/http.ts:7	Convex source candidate	assistant	http-action | HTTP-mount-only | app | direct native constructor	OPEN
convex-http-handler	assistant/http:reply	apps/convex/convex/assistant/http.ts:18	Convex source candidate	assistant	http-action | HTTP-mount-only | app | direct native constructor	OPEN
convex-http-handler	identity/external:currentUser	apps/convex/convex/identity/external.ts:53	Convex native external-api owner; full production acceptance OPEN	external-api	http-action | HTTP-mount-only | app | direct native constructor	OPEN
convex-http-handler	identity/external:options	apps/convex/convex/identity/external.ts:52	Convex native external-api owner; full production acceptance OPEN	external-api	http-action | HTTP-mount-only | app | direct native constructor	OPEN
convex-http-handler	projects/external:projects	apps/convex/convex/projects/external.ts:2372	Convex native external-api owner; full production acceptance OPEN	external-api	http-action | HTTP-mount-only | app | direct native constructor	OPEN
convex-http-mount	legacy GET /.well-known/jwks.json	apps/convex/node_modules/@convex-dev/auth/src/server/implementation/index.ts:220	Convex HTTP factory candidate	identity	Always when !betterAuthEnabled | apps/convex/convex/http.ts:14	OPEN
convex-http-mount	legacy GET /.well-known/openid-configuration	apps/convex/node_modules/@convex-dev/auth/src/server/implementation/index.ts:196	Convex HTTP factory candidate	identity	Always when !betterAuthEnabled | apps/convex/convex/http.ts:14	OPEN
convex-http-mount	legacy GET /api/auth/callback/*	apps/convex/node_modules/@convex-dev/auth/src/server/implementation/index.ts:368	Convex HTTP factory candidate	identity	!betterAuthEnabled && configured OAuth provider | apps/convex/convex/http.ts:14	OPEN
convex-http-mount	legacy GET /api/auth/signin/*	apps/convex/node_modules/@convex-dev/auth/src/server/implementation/index.ts:236	Convex HTTP factory candidate	identity	!betterAuthEnabled && configured OAuth provider | apps/convex/convex/http.ts:14	OPEN
convex-http-mount	legacy POST /api/auth/callback/*	apps/convex/node_modules/@convex-dev/auth/src/server/implementation/index.ts:374	Convex HTTP factory candidate	identity	!betterAuthEnabled && configured OAuth provider | apps/convex/convex/http.ts:14	OPEN
convex-http-mount	native DELETE /api/v1/workspaces/*	apps/convex/convex/projects/external.ts:2372	Convex native external API transport candidate; runtime acceptance OPEN	external-api	Unconditional | apps/convex/convex/http.ts:27; projects/{projectUUID}/archive/: DELETE restores with current joined project/workspace Admin via projects.external.archive; request body is ignored and successful response is empty 204. Acceptance: genuine PAT/current subject/workspace/project UUID, distinct authority/denial, malformed or nonempty ignored body, repeated state timestamp effect, cutoff-bounded favorite retirement, explicit unarchive and subsequent re-favorite and immutable independent readback; complete external parity OPEN.	OPEN
convex-http-mount	native GET /.well-known/openid-configuration	apps/convex/node_modules/@convex-dev/better-auth/src/client/create-client.ts:530	Convex HTTP factory candidate	identity	betterAuthEnabled | apps/convex/convex/http.ts:10	OPEN
convex-http-mount	native GET /api/auth/*	apps/convex/node_modules/@convex-dev/better-auth/src/client/create-client.ts:595	Convex HTTP factory candidate	identity	betterAuthEnabled | apps/convex/convex/http.ts:10	OPEN
convex-http-mount	native GET /api/v1/users/me/	apps/convex/convex/identity/external.ts:53	Convex native external API transport candidate; runtime acceptance OPEN	external-api	Unconditional | apps/convex/convex/http.ts:21; native wildcard transport; field/method/ACL parity OPEN	OPEN
convex-http-mount	native GET /api/v1/workspaces/*	apps/convex/convex/projects/external.ts:2372	Convex native external API transport candidate; runtime acceptance OPEN	external-api	Unconditional | apps/convex/convex/http.ts:23; native wildcard transport; field/method/ACL parity OPEN	OPEN
convex-http-mount	native GET /assets/*	apps/convex/convex/assets/http.ts:20	Convex HTTP factory candidate	assets	Unconditional | apps/convex/convex/http.ts:17; native wildcard transport; field/method/ACL parity OPEN	OPEN
convex-http-mount	native OPTIONS /api/auth/*	apps/convex/node_modules/convex-helpers/server/cors.ts:204	Convex HTTP factory candidate	identity	betterAuthEnabled | apps/convex/convex/http.ts:10	OPEN
convex-http-mount	native OPTIONS /api/v1/users/me/	apps/convex/convex/identity/external.ts:52	Convex native external API transport candidate; runtime acceptance OPEN	external-api	Unconditional | apps/convex/convex/http.ts:22; native wildcard transport; field/method/ACL parity OPEN	OPEN
convex-http-mount	native OPTIONS /api/v1/workspaces/*	apps/convex/convex/projects/external.ts:2372	Convex native external API transport candidate; runtime acceptance OPEN	external-api	Unconditional | apps/convex/convex/http.ts:28; native wildcard transport; field/method/ACL parity OPEN	OPEN
convex-http-mount	native OPTIONS /assets/*	apps/convex/convex/assets/http.ts:19	Convex HTTP factory candidate	assets	Unconditional | apps/convex/convex/http.ts:18; native wildcard transport; field/method/ACL parity OPEN	OPEN
convex-http-mount	native OPTIONS /assistant/reply	apps/convex/convex/assistant/http.ts:7	Convex HTTP factory candidate	assistant	Unconditional | apps/convex/convex/http.ts:20; native wildcard transport; field/method/ACL parity OPEN	OPEN
convex-http-mount	native PATCH /api/v1/workspaces/*	apps/convex/convex/projects/external.ts:2372	Convex native external API transport candidate; runtime acceptance OPEN	external-api	Unconditional | apps/convex/convex/http.ts:25; native wildcard transport; field/method/ACL parity OPEN	OPEN
convex-http-mount	native POST /api/auth/*	apps/convex/node_modules/@convex-dev/better-auth/src/client/create-client.ts:601	Convex HTTP factory candidate	identity	betterAuthEnabled | apps/convex/convex/http.ts:10	OPEN
convex-http-mount	native POST /api/v1/workspaces/*	apps/convex/convex/projects/external.ts:2372	Convex native external API transport candidate; runtime acceptance OPEN	external-api	Unconditional | apps/convex/convex/http.ts:24; projects/{projectUUID}/archive/: POST archives with current workspace Admin/Member via projects.external.archive; request body is ignored and successful response is empty 204. Acceptance: genuine PAT/current subject/workspace/project UUID, distinct authority/denial, malformed or nonempty ignored body, repeated state timestamp effect, cutoff-bounded favorite retirement, explicit unarchive and subsequent re-favorite and immutable independent readback; complete external parity OPEN.	OPEN
convex-http-mount	native POST /assistant/reply	apps/convex/convex/assistant/http.ts:18	Convex HTTP factory candidate	assistant	Unconditional | apps/convex/convex/http.ts:19; native wildcard transport; field/method/ACL parity OPEN	OPEN
convex-http-mount	native PUT /api/v1/workspaces/*	apps/convex/convex/projects/external.ts:2372	Convex native external API transport candidate; runtime acceptance OPEN	external-api	Unconditional | apps/convex/convex/http.ts:26; native wildcard transport; field/method/ACL parity OPEN	OPEN
convex-rpc	assets/cleanup:expire	apps/convex/convex/assets/cleanup.ts:5	Convex source candidate	assets	mutation | internal | app | direct native constructor	OPEN
convex-rpc	assets/cleanup:sweep	apps/convex/convex/assets/cleanup.ts:23	Convex source candidate	assets	mutation | internal | app | direct native constructor	OPEN
convex-rpc	assets/draftAttachments:access	apps/convex/convex/assets/draftAttachments.ts:12	Convex source candidate	assets	query | public | app | direct native constructor	OPEN
convex-rpc	assets/draftAttachments:cancelUpload	apps/convex/convex/assets/draftAttachments.ts:118	Convex source candidate	assets	mutation | public | app | direct native constructor	OPEN
convex-rpc	assets/draftAttachments:change	apps/convex/convex/assets/draftAttachments.ts:75	Convex source candidate	assets	mutation | public | app | direct native constructor	OPEN
convex-rpc	assets/draftAttachments:get	apps/convex/convex/assets/draftAttachments.ts:19	Convex canonical private draft image descriptor and scope proof	assets	query | public | app | direct native constructor	OPEN
convex-rpc	assets/draftAttachments:list	apps/convex/convex/assets/draftAttachments.ts:46	Convex source candidate	assets	query | public | app | direct native constructor	OPEN
convex-rpc	assets/draftAttachments:pending	apps/convex/convex/assets/draftAttachments.ts:108	Convex source candidate	assets	query | public | app | direct native constructor	OPEN
convex-rpc	assets/draftAttachments:prepare	apps/convex/convex/assets/draftAttachments.ts:30	Convex source candidate	assets	mutation | public | app | direct native constructor	OPEN
convex-rpc	assets/index:apiAsset	apps/convex/convex/assets/index.ts:243	Convex generated assets.index contextual PAT asset byte boundary candidate; full production acceptance OPEN	assets	query | internal | app | direct native constructor	OPEN
convex-rpc	assets/index:claim	apps/convex/convex/assets/index.ts:67	Convex source candidate	assets	mutation | internal | app | direct native constructor	OPEN
convex-rpc	assets/index:commit	apps/convex/convex/assets/index.ts:97	Convex source candidate	assets	mutation | internal | app | direct native constructor	OPEN
convex-rpc	assets/index:download	apps/convex/convex/assets/index.ts:226	Convex source candidate	assets	query | internal | app | direct native constructor	OPEN
convex-rpc	assets/index:get	apps/convex/convex/assets/index.ts:131	Convex source candidate	assets	query | public | app | direct native constructor	OPEN
convex-rpc	assets/index:policy	apps/convex/convex/assets/index.ts:309	Convex source candidate	assets	query | public | app | direct native constructor	OPEN
convex-rpc	assets/index:prepare	apps/convex/convex/assets/index.ts:54	Convex source candidate	assets	mutation | public | app | direct native constructor	OPEN
convex-rpc	assets/index:prepareCommentImage	apps/convex/convex/assets/index.ts:149	Convex generated assets.index comment-image API candidate; full production acceptance OPEN	assets	mutation | public | app | direct native constructor	OPEN
convex-rpc	assets/index:preparePublicCommentImage	apps/convex/convex/assets/index.ts:156	Convex generated assets.index comment-image API candidate; full production acceptance OPEN	assets	mutation | public | app | direct native constructor	OPEN
convex-rpc	assets/index:publicImage	apps/convex/convex/assets/index.ts:202	Convex generated assets.index discriminated public description/comment/cover/current external-author-avatar byte boundary; full production acceptance OPEN	assets	query | internal | app | direct native constructor	OPEN
convex-rpc	assets/index:reject	apps/convex/convex/assets/index.ts:121	Convex source candidate	assets	mutation | internal | app | direct native constructor	OPEN
convex-rpc	assets/index:remove	apps/convex/convex/assets/index.ts:259	Convex source candidate	assets	mutation | public | app | direct native constructor	OPEN
convex-rpc	assets/index:resolveCommentImage	apps/convex/convex/assets/index.ts:187	Convex generated assets.index comment-image API candidate; full production acceptance OPEN	assets	query | public | app | direct native constructor	OPEN
convex-rpc	assets/index:resolveDocumentAsset	apps/convex/convex/assets/index.ts:281	Convex source candidate	assets	query | public | app | direct native constructor	OPEN
convex-rpc	assets/index:restore	apps/convex/convex/assets/index.ts:293	Convex source candidate	assets	mutation | public | app | direct native constructor	OPEN
convex-rpc	assets/meetingRecordings:discard	apps/convex/convex/assets/meetingRecordings.ts:60	Convex native Meeting owner; scoped local proof, production acceptance OPEN	assets	mutation | public | app | direct native constructor	OPEN
convex-rpc	assets/meetingRecordings:get	apps/convex/convex/assets/meetingRecordings.ts:12	Convex native Meeting owner; scoped local proof, production acceptance OPEN	assets	query | public | app | direct native constructor	OPEN
convex-rpc	assets/meetingRecordings:policy	apps/convex/convex/assets/meetingRecordings.ts:36	Convex native Meeting owner; scoped local proof, production acceptance OPEN	assets	query | public | app | direct native constructor	OPEN
convex-rpc	assets/meetingRecordings:prepare	apps/convex/convex/assets/meetingRecordings.ts:22	Convex native Meeting owner; scoped local proof, production acceptance OPEN	assets	mutation | public | app | direct native constructor	OPEN
convex-rpc	assets/taskAttachments:access	apps/convex/convex/assets/taskAttachments.ts:13	Convex source candidate	assets	query | public | app | direct native constructor	OPEN
convex-rpc	assets/taskAttachments:change	apps/convex/convex/assets/taskAttachments.ts:80	Convex source candidate	assets	mutation | public | app | direct native constructor	OPEN
convex-rpc	assets/taskAttachments:get	apps/convex/convex/assets/taskAttachments.ts:67	Convex source candidate	assets	query | public | app | direct native constructor	OPEN
convex-rpc	assets/taskAttachments:list	apps/convex/convex/assets/taskAttachments.ts:54	Convex source candidate	assets	query | public | app | direct native constructor	OPEN
convex-rpc	assets/taskAttachments:prepare	apps/convex/convex/assets/taskAttachments.ts:25	Convex source candidate	assets	mutation | public | app | direct native constructor	OPEN
convex-rpc	assets/upload:duplicate	apps/convex/convex/assets/upload.ts:53	Convex source candidate	assets	action | public | app | direct native constructor	OPEN
convex-rpc	assets/upload:duplicateDescriptionImage	apps/convex/convex/assets/upload.ts:77	Convex canonical task/private-draft image duplication; independent bytes	assets	action | public | app | direct native constructor	OPEN
convex-rpc	assets/upload:finalize	apps/convex/convex/assets/upload.ts:9	Convex source candidate	assets	action | public | app | direct native constructor	OPEN
convex-rpc	assistant/actions:cancel	apps/convex/convex/assistant/actions.ts:79	Convex source candidate	assistant	mutation | public | app | direct native constructor	OPEN
convex-rpc	assistant/actions:confirm	apps/convex/convex/assistant/actions.ts:57	Convex source candidate	assistant	mutation | public | app | direct native constructor	OPEN
convex-rpc	assistant/actions:documentFailed	apps/convex/convex/assistant/actions.ts:331	Convex native assistant owner; full production acceptance OPEN	assistant	mutation | internal | app | direct native constructor	OPEN
convex-rpc	assistant/actions:documentJob	apps/convex/convex/assistant/actions.ts:274	Convex native assistant owner; full production acceptance OPEN	assistant	mutation | internal | app | direct native constructor	OPEN
convex-rpc	assistant/actions:documentResult	apps/convex/convex/assistant/actions.ts:293	Convex native assistant owner; full production acceptance OPEN	assistant	mutation | internal | app | direct native constructor	OPEN
convex-rpc	assistant/actions:executeDocument	apps/convex/convex/assistant/actions.ts:358	Convex native Assistant document action owner	assistant	action | source registration only; full family acceptance OPEN	OPEN
convex-rpc	assistant/actions:get	apps/convex/convex/assistant/actions.ts:45	Convex source candidate	assistant	query | public | app | direct native constructor	OPEN
convex-rpc	assistant/actions:list	apps/convex/convex/assistant/actions.ts:90	Convex source candidate	assistant	query | public | app | direct native constructor	OPEN
convex-rpc	assistant/actions:prepareDocument	apps/convex/convex/assistant/actions.ts:222	Convex native assistant owner; full production acceptance OPEN	assistant	mutation | internal | app | direct native constructor	OPEN
convex-rpc	assistant/actions:propose	apps/convex/convex/assistant/actions.ts:17	Convex source candidate	assistant	mutation | public | app | direct native constructor	OPEN
convex-rpc	assistant/actions:selectDocument	apps/convex/convex/assistant/actions.ts:193	Convex native assistant owner; full production acceptance OPEN	assistant	mutation | public | app | direct native constructor	OPEN
convex-rpc	assistant/attachment_upload:audioStep	apps/convex/convex/assistant/attachment_upload.ts:28	Convex native assistant owner; full production acceptance OPEN	assistant	action | internal | app | direct native constructor	OPEN
convex-rpc	assistant/attachment_upload:finalize	apps/convex/convex/assistant/attachment_upload.ts:7	Convex source candidate	assistant	action | public | app | direct native constructor	OPEN
convex-rpc	assistant/attachments:audioComplete	apps/convex/convex/assistant/attachments.ts:347	Convex native assistant owner; full production acceptance OPEN	assistant	mutation | internal | app | direct native constructor	OPEN
convex-rpc	assistant/attachments:audioFail	apps/convex/convex/assistant/attachments.ts:379	Convex native assistant owner; full production acceptance OPEN	assistant	mutation | internal | app | direct native constructor	OPEN
convex-rpc	assistant/attachments:audioPoll	apps/convex/convex/assistant/attachments.ts:334	Convex native assistant owner; full production acceptance OPEN	assistant	mutation | internal | app | direct native constructor	OPEN
convex-rpc	assistant/attachments:audioPrepare	apps/convex/convex/assistant/attachments.ts:319	Convex native assistant owner; full production acceptance OPEN	assistant	query | internal | app | direct native constructor	OPEN
convex-rpc	assistant/attachments:audioTick	apps/convex/convex/assistant/attachments.ts:290	Convex native assistant owner; full production acceptance OPEN	assistant	mutation | internal | app | direct native constructor	OPEN
convex-rpc	assistant/attachments:download	apps/convex/convex/assistant/attachments.ts:157	Convex source candidate	assistant	query | public | app | direct native constructor	OPEN
convex-rpc	assistant/attachments:extractionSource	apps/convex/convex/assistant/attachments.ts:109	Convex source candidate	assistant	query | internal | app | direct native constructor	OPEN
convex-rpc	assistant/attachments:fail	apps/convex/convex/assistant/attachments.ts:131	Convex source candidate	assistant	mutation | internal | app | direct native constructor	OPEN
convex-rpc	assistant/attachments:finish	apps/convex/convex/assistant/attachments.ts:118	Convex source candidate	assistant	mutation | internal | app | direct native constructor	OPEN
convex-rpc	assistant/attachments:list	apps/convex/convex/assistant/attachments.ts:96	Convex source candidate	assistant	query | public | app | direct native constructor	OPEN
convex-rpc	assistant/attachments:pending	apps/convex/convex/assistant/attachments.ts:84	Convex source candidate	assistant	query | public | app | direct native constructor	OPEN
convex-rpc	assistant/attachments:policy	apps/convex/convex/assistant/attachments.ts:27	Convex source candidate	assistant	query | public | app | direct native constructor	OPEN
convex-rpc	assistant/attachments:prepare	apps/convex/convex/assistant/attachments.ts:38	Convex source candidate	assistant	mutation | public | app | direct native constructor	OPEN
convex-rpc	assistant/attachments:purgeConversation	apps/convex/convex/assistant/attachments.ts:190	Convex source candidate	assistant	mutation | internal | app | direct native constructor	OPEN
convex-rpc	assistant/attachments:remove	apps/convex/convex/assistant/attachments.ts:143	Convex source candidate	assistant	mutation | public | app | direct native constructor	OPEN
convex-rpc	assistant/attachments:startAudio	apps/convex/convex/assistant/attachments.ts:270	Convex native assistant owner; full production acceptance OPEN	assistant	mutation | internal | app | direct native constructor	OPEN
convex-rpc	assistant/index:cancelReply	apps/convex/convex/assistant/index.ts:107	Convex source candidate	assistant	mutation | public | app | direct native constructor	OPEN
convex-rpc	assistant/index:get	apps/convex/convex/assistant/index.ts:72	Convex source candidate	assistant	query | public | app | direct native constructor	OPEN
convex-rpc	assistant/index:list	apps/convex/convex/assistant/index.ts:59	Convex source candidate	assistant	query | public | app | direct native constructor	OPEN
convex-rpc	assistant/index:messages	apps/convex/convex/assistant/index.ts:76	Convex source candidate	assistant	query | public | app | direct native constructor	OPEN
convex-rpc	assistant/index:remove	apps/convex/convex/assistant/index.ts:95	Convex source candidate	assistant	mutation | public | app | direct native constructor	OPEN
convex-rpc	assistant/index:resolve	apps/convex/convex/assistant/index.ts:116	Convex source candidate	assistant	query | public | app | direct native constructor	OPEN
convex-rpc	assistant/index:save	apps/convex/convex/assistant/index.ts:13	Convex source candidate	assistant	mutation | public | app | direct native constructor	OPEN
convex-rpc	assistant/messages:begin	apps/convex/convex/assistant/messages.ts:11	Convex source candidate	assistant	mutation | internal | app | direct native constructor	OPEN
convex-rpc	assistant/messages:fail	apps/convex/convex/assistant/messages.ts:159	Convex source candidate	assistant	mutation | internal | app | direct native constructor	OPEN
convex-rpc	assistant/messages:publish	apps/convex/convex/assistant/messages.ts:142	Convex source candidate	assistant	mutation | internal | app | direct native constructor	OPEN
convex-rpc	auth:isAuthenticated	apps/convex/convex/auth.ts:10	Convex source candidate	identity	query | public | app | convexAuth native factory	OPEN
convex-rpc	auth:signIn	apps/convex/convex/auth.ts:10	Convex source candidate	identity	action | public | app | convexAuth native factory	OPEN
convex-rpc	auth:signOut	apps/convex/convex/auth.ts:10	Convex source candidate	identity	action | public | app | convexAuth native factory	OPEN
convex-rpc	auth:store	apps/convex/convex/auth.ts:10	Convex source candidate	identity	mutation | internal | app | convexAuth native factory	OPEN
convex-rpc	automation/generate:extract	apps/convex/convex/automation/generate.ts:167	Convex native automation owner; full production acceptance OPEN	automation	action | public | app | direct native constructor	OPEN
convex-rpc	automation/generate:preview	apps/convex/convex/automation/generate.ts:86	Convex source candidate	automation	action | public | app | direct native constructor	OPEN
convex-rpc	automation/generate:render	apps/convex/convex/automation/generate.ts:131	Convex native automation owner; full production acceptance OPEN	automation	action | public | app | direct native constructor	OPEN
convex-rpc	automation/jobs:artifactLinks	apps/convex/convex/automation/jobs.ts:310	Convex native automation owner; full production acceptance OPEN	automation	query | public | app | direct native constructor	OPEN
convex-rpc	automation/jobs:begin	apps/convex/convex/automation/jobs.ts:32	Convex source candidate	automation	mutation | internal | app | direct native constructor	OPEN
convex-rpc	automation/jobs:complete	apps/convex/convex/automation/jobs.ts:119	Convex source candidate	automation	mutation | internal | app | direct native constructor	OPEN
convex-rpc	automation/jobs:counts	apps/convex/convex/automation/jobs.ts:217	Convex native automation owner; full production acceptance OPEN	automation	query | public | app | direct native constructor	OPEN
convex-rpc	automation/jobs:discardRendered	apps/convex/convex/automation/jobs.ts:322	Convex native automation owner; full production acceptance OPEN	automation	mutation | internal | app | direct native constructor	OPEN
convex-rpc	automation/jobs:expire	apps/convex/convex/automation/jobs.ts:334	Convex native automation owner; full production acceptance OPEN	automation	mutation | internal | app | direct native constructor	OPEN
convex-rpc	automation/jobs:fail	apps/convex/convex/automation/jobs.ts:136	Convex source candidate	automation	mutation | internal | app | direct native constructor	OPEN
convex-rpc	automation/jobs:get	apps/convex/convex/automation/jobs.ts:149	Convex source candidate	automation	query | public | app | direct native constructor	OPEN
convex-rpc	automation/jobs:list	apps/convex/convex/automation/jobs.ts:187	Convex source candidate	automation	query | public | app | direct native constructor	OPEN
convex-rpc	automation/jobs:publication	apps/convex/convex/automation/jobs.ts:263	Convex source candidate	automation	query | internal | app | direct native constructor	OPEN
convex-rpc	automation/jobs:rendered	apps/convex/convex/automation/jobs.ts:273	Convex native automation owner; full production acceptance OPEN	automation	mutation | internal | app | direct native constructor	OPEN
convex-rpc	automation/jobs:resolve	apps/convex/convex/automation/jobs.ts:153	Convex source candidate	automation	query | public | app | direct native constructor	OPEN
convex-rpc	automation/jobs:retire	apps/convex/convex/automation/jobs.ts:231	Convex native automation owner; full production acceptance OPEN	automation	mutation | public | app | direct native constructor	OPEN
convex-rpc	automation/jobs:sourceFile	apps/convex/convex/automation/jobs.ts:251	Convex native automation owner; full production acceptance OPEN	automation	query | public | app | direct native constructor	OPEN
convex-rpc	automation/publication:commit	apps/convex/convex/automation/publication.ts:9	Convex source candidate	automation	mutation | internal | app | direct native constructor	OPEN
convex-rpc	automation/publish:document	apps/convex/convex/automation/publish.ts:7	Convex source candidate	automation	action | public | app | direct native constructor	OPEN
convex-rpc	automation/templates:get	apps/convex/convex/automation/templates.ts:60	Convex source candidate	automation	query | public | app | direct native constructor	OPEN
convex-rpc	automation/templates:installDefaults	apps/convex/convex/automation/templates.ts:80	Convex source candidate	automation	mutation | public | app | direct native constructor	OPEN
convex-rpc	automation/templates:list	apps/convex/convex/automation/templates.ts:50	Convex source candidate	automation	query | public | app | direct native constructor	OPEN
convex-rpc	automation/templates:options	apps/convex/convex/automation/templates.ts:112	Convex native automation owner; full production acceptance OPEN	automation	query | public | app | direct native constructor	OPEN
convex-rpc	automation/templates:remove	apps/convex/convex/automation/templates.ts:69	Convex source candidate	automation	mutation | public | app | direct native constructor	OPEN
convex-rpc	automation/templates:save	apps/convex/convex/automation/templates.ts:10	Convex source candidate	automation	mutation | public | app | direct native constructor	OPEN
convex-rpc	betterAuth/adapter:create	apps/convex/convex/betterAuth/adapter.ts:60	Convex source candidate	identity	mutation | component-export | component | createApi native factory	OPEN
convex-rpc	betterAuth/adapter:currentIdentity	apps/convex/convex/betterAuth/adapter.ts:65	Convex native shared-shell owner; full production acceptance OPEN	shared-shell	query | public | component | direct native constructor	OPEN
convex-rpc	betterAuth/adapter:deleteMany	apps/convex/convex/betterAuth/adapter.ts:60	Convex source candidate	identity	mutation | component-export | component | createApi native factory	OPEN
convex-rpc	betterAuth/adapter:deleteOne	apps/convex/convex/betterAuth/adapter.ts:60	Convex source candidate	identity	mutation | component-export | component | createApi native factory	OPEN
convex-rpc	betterAuth/adapter:findMany	apps/convex/convex/betterAuth/adapter.ts:60	Convex source candidate	identity	query | component-export | component | createApi native factory	OPEN
convex-rpc	betterAuth/adapter:findOne	apps/convex/convex/betterAuth/adapter.ts:60	Convex source candidate	identity	query | component-export | component | createApi native factory	OPEN
convex-rpc	betterAuth/adapter:listApiKeys	apps/convex/convex/betterAuth/adapter.ts:94	Convex source candidate	account	query | component-export | component | direct native constructor	OPEN
convex-rpc	betterAuth/adapter:updateMany	apps/convex/convex/betterAuth/adapter.ts:60	Convex source candidate	identity	mutation | component-export | component | createApi native factory	OPEN
convex-rpc	betterAuth/adapter:updateOne	apps/convex/convex/betterAuth/adapter.ts:60	Convex source candidate	identity	mutation | component-export | component | createApi native factory	OPEN
convex-rpc	better_auth:authenticationPolicy	apps/convex/convex/better_auth.ts:239	Convex native shared-shell owner; full production acceptance OPEN	shared-shell	query | internal | app | direct native constructor	OPEN
convex-rpc	better_auth:consumeHttpRateLimit	apps/convex/convex/better_auth.ts:204	Convex source candidate	operations	mutation | internal | app | direct native constructor	OPEN
convex-rpc	better_auth:expireRateLimits	apps/convex/convex/better_auth.ts:221	Convex source candidate	operations	mutation | internal | app | direct native constructor	OPEN
convex-rpc	better_auth:migrateAccount	apps/convex/convex/better_auth.ts:103	Convex source candidate	identity	mutation | internal | app | direct native constructor	OPEN
convex-rpc	better_auth:oauthConfiguration	apps/convex/convex/better_auth.ts:299	Convex native shared-shell owner; full production acceptance OPEN	shared-shell	query | internal | app | direct native constructor	OPEN
convex-rpc	better_auth:onCreate	apps/convex/convex/better_auth.ts:65	Convex source candidate	identity	mutation | internal | app | authComponent.triggersApi native factory	OPEN
convex-rpc	better_auth:onDelete	apps/convex/convex/better_auth.ts:65	Convex source candidate	identity	mutation | internal | app | authComponent.triggersApi native factory	OPEN
convex-rpc	better_auth:onUpdate	apps/convex/convex/better_auth.ts:65	Convex source candidate	identity	mutation | internal | app | authComponent.triggersApi native factory	OPEN
convex-rpc	better_auth:recordSignIn	apps/convex/convex/better_auth.ts:67	Convex source candidate	identity	mutation | internal | app | direct native constructor	OPEN
convex-rpc	commercial/clients:counts	apps/convex/convex/commercial/clients.ts:51	Convex native Commercial owner; production acceptance OPEN	commercial	query | public | app | direct native constructor	OPEN
convex-rpc	commercial/clients:get	apps/convex/convex/commercial/clients.ts:62	Convex source candidate	commercial	query | public | app | direct native constructor	OPEN
convex-rpc	commercial/clients:list	apps/convex/convex/commercial/clients.ts:35	Convex source candidate	commercial	query | public | app | direct native constructor	OPEN
convex-rpc	commercial/clients:related	apps/convex/convex/commercial/clients.ts:86	Convex native Commercial owner; production acceptance OPEN	commercial	query | public | app | direct native constructor	OPEN
convex-rpc	commercial/clients:remove	apps/convex/convex/commercial/clients.ts:278	Convex source candidate	commercial	mutation | public | app | direct native constructor	OPEN
convex-rpc	commercial/clients:save	apps/convex/convex/commercial/clients.ts:243	Convex source candidate	commercial	mutation | public | app | direct native constructor	OPEN
convex-rpc	commercial/contacts:get	apps/convex/convex/commercial/contacts.ts:15	Convex source candidate	commercial	query | public | app | direct native constructor	OPEN
convex-rpc	commercial/contacts:list	apps/convex/convex/commercial/contacts.ts:23	Convex source candidate	commercial	query | public | app | direct native constructor	OPEN
convex-rpc	commercial/contacts:remove	apps/convex/convex/commercial/contacts.ts:80	Convex source candidate	commercial	mutation | public | app | direct native constructor	OPEN
convex-rpc	commercial/contacts:save	apps/convex/convex/commercial/contacts.ts:34	Convex source candidate	commercial	mutation | public | app | direct native constructor	OPEN
convex-rpc	commercial/delivery:getForOpportunity	apps/convex/convex/commercial/delivery.ts:136	Convex source candidate	commercial	query | public | app | direct native constructor	OPEN
convex-rpc	commercial/delivery:getProfile	apps/convex/convex/commercial/delivery.ts:87	Convex source candidate	commercial	query | public | app | direct native constructor	OPEN
convex-rpc	commercial/delivery:saveProfile	apps/convex/convex/commercial/delivery.ts:97	Convex source candidate	commercial	mutation | public | app | direct native constructor	OPEN
convex-rpc	commercial/delivery:start	apps/convex/convex/commercial/delivery.ts:18	Convex source candidate	commercial	mutation | public | app | direct native constructor	OPEN
convex-rpc	commercial/directory:members	apps/convex/convex/commercial/directory.ts:7	Convex source candidate	commercial	query | public | app | direct native constructor	OPEN
convex-rpc	commercial/opportunities:counts	apps/convex/convex/commercial/opportunities.ts:89	Convex native Commercial owner; production acceptance OPEN	commercial	query | public | app | direct native constructor	OPEN
convex-rpc	commercial/opportunities:get	apps/convex/convex/commercial/opportunities.ts:98	Convex source candidate	commercial	query | public | app | direct native constructor	OPEN
convex-rpc	commercial/opportunities:list	apps/convex/convex/commercial/opportunities.ts:68	Convex source candidate	commercial	query | public | app | direct native constructor	OPEN
convex-rpc	commercial/opportunities:remove	apps/convex/convex/commercial/opportunities.ts:218	Convex source candidate	commercial	mutation | public | app | direct native constructor	OPEN
convex-rpc	commercial/opportunities:save	apps/convex/convex/commercial/opportunities.ts:145	Convex source candidate	commercial	mutation | public | app | direct native constructor	OPEN
convex-rpc	commercial/opportunities:transition	apps/convex/convex/commercial/opportunities.ts:193	Convex source candidate	commercial	mutation | public | app | direct native constructor	OPEN
convex-rpc	cycles/burndown:frozen	apps/convex/convex/cycles/burndown.ts:44	Convex source candidate	cycles	query | public | app | direct native constructor	OPEN
convex-rpc	cycles/burndown:page	apps/convex/convex/cycles/burndown.ts:9	Convex source candidate	cycles	query | public | app | direct native constructor	OPEN
convex-rpc	cycles/index:address	apps/convex/convex/cycles/index.ts:132	Convex bounded Cycle directory and scoped project-bound address owner	cycles	query | public | app | direct native constructor	OPEN
convex-rpc	cycles/index:browse	apps/convex/convex/cycles/index.ts:89	Convex bounded Cycle directory and scoped project-bound address owner	cycles	query | public | app | direct native constructor	OPEN
convex-rpc	cycles/index:create	apps/convex/convex/cycles/index.ts:21	Convex source candidate	cycles	mutation | public | app | direct native constructor	OPEN
convex-rpc	cycles/index:get	apps/convex/convex/cycles/index.ts:83	Convex source candidate	cycles	query | public | app | direct native constructor	OPEN
convex-rpc	cycles/index:getTaskPreferences	apps/convex/convex/cycles/index.ts:202	Convex native cycles owner; full production acceptance OPEN	cycles	query | public | app | direct native constructor	OPEN
convex-rpc	cycles/index:lifecycle	apps/convex/convex/cycles/index.ts:164	Convex source candidate	cycles	mutation | public | app | direct native constructor	OPEN
convex-rpc	cycles/index:list	apps/convex/convex/cycles/index.ts:143	Convex source candidate	cycles	query | public | app | direct native constructor	OPEN
convex-rpc	cycles/index:resolve	apps/convex/convex/cycles/index.ts:124	Convex source candidate	cycles	query | public | app | direct native constructor	OPEN
convex-rpc	cycles/index:saveTaskPreferences	apps/convex/convex/cycles/index.ts:209	Convex native cycles owner; full production acceptance OPEN	cycles	mutation | public | app | direct native constructor	OPEN
convex-rpc	cycles/index:update	apps/convex/convex/cycles/index.ts:39	Convex source candidate	cycles	mutation | public | app | direct native constructor	OPEN
convex-rpc	cycles/progress:page	apps/convex/convex/cycles/progress.ts:6	Convex source candidate	cycles	query | public | app | direct native constructor	OPEN
convex-rpc	cycles/tasks:assign	apps/convex/convex/cycles/tasks.ts:16	Convex source candidate	cycles	mutation | public | app | direct native constructor	OPEN
convex-rpc	cycles/tasks:current	apps/convex/convex/cycles/tasks.ts:34	Convex source candidate	cycles	query | public | app | direct native constructor	OPEN
convex-rpc	cycles/tasks:list	apps/convex/convex/cycles/tasks.ts:42	Convex source candidate	cycles	query | public | app | direct native constructor	OPEN
convex-rpc	cycles/tasks:remove	apps/convex/convex/cycles/tasks.ts:25	Convex source candidate	cycles	mutation | public | app | direct native constructor	OPEN
convex-rpc	cycles/transfer:begin	apps/convex/convex/cycles/transfer.ts:150	Convex source candidate	cycles	mutation | public | app | direct native constructor	OPEN
convex-rpc	cycles/transfer:buckets	apps/convex/convex/cycles/transfer.ts:140	Convex native cycles owner; full production acceptance OPEN	cycles	query | public | app | direct native constructor	OPEN
convex-rpc	cycles/transfer:cancel	apps/convex/convex/cycles/transfer.ts:283	Convex source candidate	cycles	mutation | public | app | direct native constructor	OPEN
convex-rpc	cycles/transfer:inspect	apps/convex/convex/cycles/transfer.ts:117	Convex source candidate	cycles	query | public | app | direct native constructor	OPEN
convex-rpc	cycles/transfer:list	apps/convex/convex/cycles/transfer.ts:106	Convex source candidate	cycles	query | public | app | direct native constructor	OPEN
convex-rpc	cycles/transfer:skipChanged	apps/convex/convex/cycles/transfer.ts:251	Convex source candidate	cycles	mutation | public | app | direct native constructor	OPEN
convex-rpc	cycles/transfer:step	apps/convex/convex/cycles/transfer.ts:205	Convex source candidate	cycles	mutation | public | app | direct native constructor	OPEN
convex-rpc	cycles/workspace:list	apps/convex/convex/cycles/workspace.ts:9	Convex source candidate	cycles	query | public | app | direct native constructor	OPEN
convex-rpc	documents/copy:availability	apps/convex/convex/documents/copy.ts:261	Convex source candidate	documents	query | public | app | direct native constructor	OPEN
convex-rpc	documents/copy:begin	apps/convex/convex/documents/copy.ts:85	Convex source candidate	documents	mutation | internal | app | direct native constructor	OPEN
convex-rpc	documents/copy:expire	apps/convex/convex/documents/copy.ts:244	Convex source candidate	documents	mutation | internal | app | direct native constructor	OPEN
convex-rpc	documents/copy:lookup	apps/convex/convex/documents/copy.ts:45	Convex source candidate	documents	query | internal | app | direct native constructor	OPEN
convex-rpc	documents/copy:progress	apps/convex/convex/documents/copy.ts:151	Convex source candidate	documents	query | internal | app | direct native constructor	OPEN
convex-rpc	documents/copy:publish	apps/convex/convex/documents/copy.ts:205	Convex source candidate	documents	mutation | internal | app | direct native constructor	OPEN
convex-rpc	documents/copy:record	apps/convex/convex/documents/copy.ts:159	Convex source candidate	documents	mutation | internal | app | direct native constructor	OPEN
convex-rpc	documents/copyActions:run	apps/convex/convex/documents/copyActions.ts:13	Convex source candidate	documents	action | public | app | direct native constructor	OPEN
convex-rpc	documents/hierarchy:children	apps/convex/convex/documents/hierarchy.ts:36	Convex source candidate	documents	query | public | app | direct native constructor	OPEN
convex-rpc	documents/hierarchy:choices	apps/convex/convex/documents/hierarchy.ts:55	Convex source candidate	documents	query | public | app | direct native constructor	OPEN
convex-rpc	documents/hierarchy:move	apps/convex/convex/documents/hierarchy.ts:112	Convex source candidate	documents	mutation | public | app | direct native constructor	OPEN
convex-rpc	documents/hierarchy:parent	apps/convex/convex/documents/hierarchy.ts:19	Convex source candidate	documents	query | public | app | direct native constructor	OPEN
convex-rpc	documents/history:commit	apps/convex/convex/documents/history.ts:44	Convex source candidate	documents	mutation | internal | app | direct native constructor	OPEN
convex-rpc	documents/history:list	apps/convex/convex/documents/history.ts:9	Convex source candidate	documents	query | public | app | direct native constructor	OPEN
convex-rpc	documents/history:prune	apps/convex/convex/documents/history.ts:68	Convex source candidate	documents	mutation | internal | app | direct native constructor	OPEN
convex-rpc	documents/history:source	apps/convex/convex/documents/history.ts:29	Convex source candidate	documents	query | internal | app | direct native constructor	OPEN
convex-rpc	documents/historyActions:preview	apps/convex/convex/documents/historyActions.ts:31	Convex source candidate	documents	action | public | app | direct native constructor	OPEN
convex-rpc	documents/historyActions:restore	apps/convex/convex/documents/historyActions.ts:58	Convex source candidate	documents	action | public | app | direct native constructor	OPEN
convex-rpc	documents/historyActions:save	apps/convex/convex/documents/historyActions.ts:9	Convex authorized Node Yjs snapshot action	documents	action | public | app | direct native constructor	OPEN
convex-rpc	documents/index:collaborationContext	apps/convex/convex/documents/index.ts:107	Convex source candidate	documents	query | public | app | direct native constructor	OPEN
convex-rpc	documents/index:create	apps/convex/convex/documents/index.ts:79	Convex source candidate	documents	mutation | public | app | direct native constructor	OPEN
convex-rpc	documents/index:get	apps/convex/convex/documents/index.ts:83	Convex source candidate	documents	query | public | app | direct native constructor	OPEN
convex-rpc	documents/index:list	apps/convex/convex/documents/index.ts:144	Convex source candidate	documents	query | public | app | direct native constructor	OPEN
convex-rpc	documents/index:resolve	apps/convex/convex/documents/index.ts:125	Convex scoped document address owner	documents	query | public | app | direct native constructor	OPEN
convex-rpc	documents/index:resolveWorkspace	apps/convex/convex/documents/index.ts:115	Convex native documents owner; full production acceptance OPEN	documents	query | public | app | direct native constructor	OPEN
convex-rpc	documents/index:saveSnapshot	apps/convex/convex/documents/index.ts:324	Convex internal canonical document writer	documents	mutation | internal | app | direct native constructor	OPEN
convex-rpc	documents/index:setLifecycle	apps/convex/convex/documents/index.ts:264	Convex source candidate	documents	mutation | public | app | direct native constructor	OPEN
convex-rpc	documents/index:snapshot	apps/convex/convex/documents/index.ts:326	Convex source candidate	documents	query | public | app | direct native constructor	OPEN
convex-rpc	documents/index:update	apps/convex/convex/documents/index.ts:260	Convex source candidate	documents	mutation | public | app | direct native constructor	OPEN
convex-rpc	documents/labels:list	apps/convex/convex/documents/labels.ts:8	Convex source candidate	documents	query | public | app | direct native constructor	OPEN
convex-rpc	documents/labels:set	apps/convex/convex/documents/labels.ts:40	Convex source candidate	documents	mutation | public | app | direct native constructor	OPEN
convex-rpc	documents/lifecycle:restore	apps/convex/convex/documents/lifecycle.ts:23	Convex source candidate	documents	mutation | public | app | direct native constructor	OPEN
convex-rpc	documents/lifecycle:trash	apps/convex/convex/documents/lifecycle.ts:9	Convex source candidate	documents	query | public | app | direct native constructor	OPEN
convex-rpc	documents/mentions:resolve	apps/convex/convex/documents/mentions.ts:15	Convex source candidate	documents	query | public | app | direct native constructor	OPEN
convex-rpc	documents/mentions:search	apps/convex/convex/documents/mentions.ts:7	Convex source candidate	documents	query | public | app | direct native constructor	OPEN
convex-rpc	documents/references:backfill	apps/convex/convex/documents/references.ts:135	Convex source candidate	documents	mutation | internal | app | direct native constructor	OPEN
convex-rpc	documents/references:cleanup	apps/convex/convex/documents/references.ts:71	Convex source candidate	documents	mutation | internal | app | direct native constructor	OPEN
convex-rpc	documents/references:issues	apps/convex/convex/documents/references.ts:91	Convex source candidate	documents	query | public | app | direct native constructor	OPEN
convex-rpc	documents/references:step	apps/convex/convex/documents/references.ts:31	Convex source candidate	documents	mutation | internal | app | direct native constructor	OPEN
convex-rpc	estimates/index:adoptPointApiIdentity	apps/convex/convex/estimates/index.ts:290	Convex native projects owner; full production acceptance OPEN	projects	mutation | internal | app | direct native constructor	OPEN
convex-rpc	estimates/index:create	apps/convex/convex/estimates/index.ts:81	Convex source candidate	projects	mutation | public | app | direct native constructor	OPEN
convex-rpc	estimates/index:createPoint	apps/convex/convex/estimates/index.ts:215	Convex source candidate	projects	mutation | public | app | direct native constructor	OPEN
convex-rpc	estimates/index:get	apps/convex/convex/estimates/index.ts:68	Convex source candidate	projects	query | public | app | direct native constructor	OPEN
convex-rpc	estimates/index:list	apps/convex/convex/estimates/index.ts:49	Convex source candidate	projects	query | public | app | direct native constructor	OPEN
convex-rpc	estimates/index:select	apps/convex/convex/estimates/index.ts:206	Convex source candidate	projects	mutation | public | app | direct native constructor	OPEN
convex-rpc	estimates/index:update	apps/convex/convex/estimates/index.ts:151	Convex source candidate	projects	mutation | public | app | direct native constructor	OPEN
convex-rpc	estimates/index:updatePoint	apps/convex/convex/estimates/index.ts:245	Convex source candidate	projects	mutation | public | app | direct native constructor	OPEN
convex-rpc	estimates/remap:begin	apps/convex/convex/estimates/remap.ts:6	Convex source candidate	projects	mutation | public | app | direct native constructor	OPEN
convex-rpc	estimates/remap:get	apps/convex/convex/estimates/remap.ts:68	Convex source candidate	projects	query | public | app | direct native constructor	OPEN
convex-rpc	estimates/remap:page	apps/convex/convex/estimates/remap.ts:77	Convex source candidate	projects	mutation | public | app | direct native constructor	OPEN
convex-rpc	estimates/selection:choices	apps/convex/convex/estimates/selection.ts:7	Convex source candidate	projects	query | public | app | direct native constructor	OPEN
convex-rpc	estimates/selection:forDraft	apps/convex/convex/estimates/selection.ts:42	Convex source candidate	projects	query | public | app | direct native constructor	OPEN
convex-rpc	estimates/selection:forTask	apps/convex/convex/estimates/selection.ts:30	Convex source candidate	projects	query | public | app | direct native constructor	OPEN
convex-rpc	exports/index:claim	apps/convex/convex/exports/index.ts:148	Convex native reporting owner; full production acceptance OPEN	reporting	mutation | internal | app | direct native constructor	OPEN
convex-rpc	exports/index:complete	apps/convex/convex/exports/index.ts:193	Convex native reporting owner; full production acceptance OPEN	reporting	mutation | internal | app | direct native constructor	OPEN
convex-rpc	exports/index:expire	apps/convex/convex/exports/index.ts:241	Convex native reporting owner; full production acceptance OPEN	reporting	mutation | internal | app | direct native constructor	OPEN
convex-rpc	exports/index:fail	apps/convex/convex/exports/index.ts:233	Convex native reporting owner; full production acceptance OPEN	reporting	mutation | internal | app | direct native constructor	OPEN
convex-rpc	exports/index:list	apps/convex/convex/exports/index.ts:101	Convex native reporting owner; full production acceptance OPEN	reporting	query | public | app | direct native constructor	OPEN
convex-rpc	exports/index:records	apps/convex/convex/exports/index.ts:158	Convex native reporting owner; full production acceptance OPEN	reporting	query | internal | app | direct native constructor	OPEN
convex-rpc	exports/index:settings	apps/convex/convex/exports/index.ts:31	Convex native reporting owner; full production acceptance OPEN	reporting	query | public | app | direct native constructor	OPEN
convex-rpc	exports/index:start	apps/convex/convex/exports/index.ts:45	Convex native reporting owner; full production acceptance OPEN	reporting	mutation | public | app | direct native constructor	OPEN
convex-rpc	exports/worker:run	apps/convex/convex/exports/worker.ts:19	Convex native reporting owner; full production acceptance OPEN	reporting	action | internal | app | direct native constructor	OPEN
convex-rpc	favorites/index:access	apps/convex/convex/favorites/index.ts:21	Convex source candidate	shared-shell	query | public | app | direct native constructor	OPEN
convex-rpc	favorites/index:create	apps/convex/convex/favorites/index.ts:58	Convex source candidate	shared-shell	mutation | public | app | direct native constructor	OPEN
convex-rpc	favorites/index:lifecycle	apps/convex/convex/favorites/index.ts:125	Convex source candidate	shared-shell	mutation | public | app | direct native constructor	OPEN
convex-rpc	favorites/index:list	apps/convex/convex/favorites/index.ts:28	Convex source candidate	shared-shell	query | public | app | direct native constructor	OPEN
convex-rpc	favorites/index:state	apps/convex/convex/favorites/index.ts:141	Convex source candidate	shared-shell	query | public | app | direct native constructor	OPEN
convex-rpc	favorites/index:update	apps/convex/convex/favorites/index.ts:95	Convex source candidate	shared-shell	mutation | public | app | direct native constructor	OPEN
convex-rpc	favorites/reorder:move	apps/convex/convex/favorites/reorder.ts:7	Convex source candidate	shared-shell	mutation | public | app | direct native constructor	OPEN
convex-rpc	identity/accounts/unlink:disconnect	apps/convex/convex/identity/accounts/unlink.ts:10	Convex source candidate	account	mutation | public | app | direct native constructor	OPEN
convex-rpc	identity/apiAudit:prune	apps/convex/convex/identity/apiAudit.ts:20	Convex native external-api owner; full production acceptance OPEN	external-api	mutation | internal | app | direct native constructor	OPEN
convex-rpc	identity/apiAudit:record	apps/convex/convex/identity/apiAudit.ts:16	Convex native external-api owner; full production acceptance OPEN	external-api	mutation | internal | app | direct native constructor	OPEN
convex-rpc	identity/apiTokens:create	apps/convex/convex/identity/apiTokens.ts:25	Convex source candidate	account	mutation | public | app | direct native constructor	OPEN
convex-rpc	identity/apiTokens:list	apps/convex/convex/identity/apiTokens.ts:13	Convex source candidate	account	query | public | app | direct native constructor	OPEN
convex-rpc	identity/apiTokens:revoke	apps/convex/convex/identity/apiTokens.ts:55	Convex source candidate	account	mutation | public | app | direct native constructor	OPEN
convex-rpc	identity/apiTokens:verify	apps/convex/convex/identity/apiTokens.ts:120	Convex source candidate	external-api	mutation | internal | app | direct native constructor	OPEN
convex-rpc	identity/avatar:get	apps/convex/convex/identity/avatar.ts:18	Convex source candidate	account	query | public | app | direct native constructor	OPEN
convex-rpc	identity/avatar:member	apps/convex/convex/identity/avatar.ts:33	Convex source candidate	account	query | public | app | direct native constructor	OPEN
convex-rpc	identity/avatar:prepare	apps/convex/convex/identity/avatar.ts:45	Convex source candidate	account	mutation | public | app | direct native constructor	OPEN
convex-rpc	identity/avatar:remove	apps/convex/convex/identity/avatar.ts:61	Convex source candidate	account	mutation | public | app | direct native constructor	OPEN
convex-rpc	identity/avatar:removed	apps/convex/convex/identity/avatar.ts:71	Convex source candidate	account	query | public | app | direct native constructor	OPEN
convex-rpc	identity/avatar:restore	apps/convex/convex/identity/avatar.ts:88	Convex source candidate	account	mutation | public | app | direct native constructor	OPEN
convex-rpc	identity/avatar:setCoverExternal	apps/convex/convex/identity/avatar.ts:107	Convex source candidate	account	mutation | public | app | direct native constructor	OPEN
convex-rpc	identity/avatar_upload:finalize	apps/convex/convex/identity/avatar_upload.ts:28	Convex source candidate	account	action | public | app | direct native constructor	OPEN
convex-rpc	identity/avatar_upload:receipt	apps/convex/convex/identity/avatar_upload.ts:8	Convex source candidate	account	query | internal | app | direct native constructor	OPEN
convex-rpc	identity/deactivation/index:deactivate	apps/convex/convex/identity/deactivation/index.ts:36	Convex source candidate	account	mutation | public | app | direct native constructor	OPEN
convex-rpc	identity/emailChange/notifications:deliver	apps/convex/convex/identity/emailChange/notifications.ts:22	Convex source candidate	account	action | internal | app | direct native constructor	OPEN
convex-rpc	identity/emailChange/notifications:get	apps/convex/convex/identity/emailChange/notifications.ts:5	Convex source candidate	account	query | internal | app | direct native constructor	OPEN
convex-rpc	identity/emailChange/notifications:record	apps/convex/convex/identity/emailChange/notifications.ts:9	Convex source candidate	account	mutation | internal | app | direct native constructor	OPEN
convex-rpc	identity/entry:check	apps/convex/convex/identity/entry.ts:7	Convex source candidate	identity	query | public | app | direct native constructor	OPEN
convex-rpc	identity/external:user	apps/convex/convex/identity/external.ts:35	Convex native external-api owner; full production acceptance OPEN	external-api	query | internal | app | direct native constructor	OPEN
convex-rpc	identity/index:current	apps/convex/convex/identity/index.ts:5	Convex source candidate	identity	query | public | app | direct native constructor	OPEN
convex-rpc	identity/instance/ai:adopt	apps/convex/convex/identity/instance/ai.ts:103	Convex native identity owner; full production acceptance OPEN	identity	mutation | internal | app | direct native constructor	OPEN
convex-rpc	identity/instance/ai:get	apps/convex/convex/identity/instance/ai.ts:53	Convex native identity owner; full production acceptance OPEN	identity	query | public | app | direct native constructor	OPEN
convex-rpc	identity/instance/ai:runtime	apps/convex/convex/identity/instance/ai.ts:49	Convex native identity owner; full production acceptance OPEN	identity	query | internal | app | direct native constructor	OPEN
convex-rpc	identity/instance/ai:save	apps/convex/convex/identity/instance/ai.ts:76	Convex native identity owner; full production acceptance OPEN	identity	mutation | public | app | direct native constructor	OPEN
convex-rpc	identity/instance/ai:test	apps/convex/convex/identity/instance/ai.ts:126	Convex native identity owner; full production acceptance OPEN	identity	action | public | app | direct native constructor	OPEN
convex-rpc	identity/instance/ai:testConfiguration	apps/convex/convex/identity/instance/ai.ts:116	Convex native identity owner; full production acceptance OPEN	identity	query | internal | app | direct native constructor	OPEN
convex-rpc	identity/instance/authentication:adopt	apps/convex/convex/identity/instance/authentication.ts:104	Convex native identity owner; full production acceptance OPEN	identity	mutation | internal | app | direct native constructor	OPEN
convex-rpc	identity/instance/authentication:get	apps/convex/convex/identity/instance/authentication.ts:63	Convex native identity owner; full production acceptance OPEN	identity	query | public | app | direct native constructor	OPEN
convex-rpc	identity/instance/authentication:save	apps/convex/convex/identity/instance/authentication.ts:77	Convex native identity owner; full production acceptance OPEN	identity	mutation | public | app | direct native constructor	OPEN
convex-rpc	identity/instance/configuration:adoptWorkspaceCreation	apps/convex/convex/identity/instance/configuration.ts:88	Convex native identity owner; full production acceptance OPEN	identity	mutation | internal | app | direct native constructor	OPEN
convex-rpc	identity/instance/configuration:availability	apps/convex/convex/identity/instance/configuration.ts:73	Convex source candidate	instance	query | public | app | direct native constructor	OPEN
convex-rpc	identity/instance/configuration:get	apps/convex/convex/identity/instance/configuration.ts:11	Convex source candidate	instance	query | public | app | direct native constructor	OPEN
convex-rpc	identity/instance/configuration:save	apps/convex/convex/identity/instance/configuration.ts:39	Convex native identity owner; full production acceptance OPEN	identity	mutation | public | app | direct native constructor	OPEN
convex-rpc	identity/instance/configuration:saveWorkspaceCreation	apps/convex/convex/identity/instance/configuration.ts:74	Convex native identity owner; full production acceptance OPEN	identity	mutation | public | app | direct native constructor	OPEN
convex-rpc	identity/instance/email:adopt	apps/convex/convex/identity/instance/email.ts:84	Convex native identity owner; full production acceptance OPEN	identity	mutation | internal | app | direct native constructor	OPEN
convex-rpc	identity/instance/email:get	apps/convex/convex/identity/instance/email.ts:50	Convex native identity owner; full production acceptance OPEN	identity	query | public | app | direct native constructor	OPEN
convex-rpc	identity/instance/email:readiness	apps/convex/convex/identity/instance/email.ts:49	Convex native identity owner; full production acceptance OPEN	identity	query | internal | app | direct native constructor	OPEN
convex-rpc	identity/instance/email:runtime	apps/convex/convex/identity/instance/email.ts:48	Convex native identity owner; full production acceptance OPEN	identity	query | internal | app | direct native constructor	OPEN
convex-rpc	identity/instance/email:save	apps/convex/convex/identity/instance/email.ts:62	Convex native identity owner; full production acceptance OPEN	identity	mutation | public | app | direct native constructor	OPEN
convex-rpc	identity/instance/email:test	apps/convex/convex/identity/instance/email.ts:108	Convex native identity owner; full production acceptance OPEN	identity	action | public | app | direct native constructor	OPEN
convex-rpc	identity/instance/email:testConfiguration	apps/convex/convex/identity/instance/email.ts:97	Convex native identity owner; full production acceptance OPEN	identity	query | internal | app | direct native constructor	OPEN
convex-rpc	identity/instance/image:adopt	apps/convex/convex/identity/instance/image.ts:82	Convex native identity owner; full production acceptance OPEN	identity	mutation | internal | app | direct native constructor	OPEN
convex-rpc	identity/instance/image:attribution	apps/convex/convex/identity/instance/image.ts:142	Convex native identity owner; full production acceptance OPEN	identity	query | public | app | direct native constructor	OPEN
convex-rpc	identity/instance/image:availability	apps/convex/convex/identity/instance/image.ts:95	Convex native identity owner; full production acceptance OPEN	identity	query | public | app | direct native constructor	OPEN
convex-rpc	identity/instance/image:get	apps/convex/convex/identity/instance/image.ts:51	Convex native identity owner; full production acceptance OPEN	identity	query | public | app | direct native constructor	OPEN
convex-rpc	identity/instance/image:list	apps/convex/convex/identity/instance/image.ts:182	Convex native identity owner; full production acceptance OPEN	identity	action | public | app | direct native constructor	OPEN
convex-rpc	identity/instance/image:recordPhoto	apps/convex/convex/identity/instance/image.ts:123	Convex native identity owner; full production acceptance OPEN	identity	mutation | internal | app | direct native constructor	OPEN
convex-rpc	identity/instance/image:save	apps/convex/convex/identity/instance/image.ts:62	Convex native identity owner; full production acceptance OPEN	identity	mutation | public | app | direct native constructor	OPEN
convex-rpc	identity/instance/image:select	apps/convex/convex/identity/instance/image.ts:207	Convex native identity owner; full production acceptance OPEN	identity	action | public | app | direct native constructor	OPEN
convex-rpc	identity/instance/image:stockConfiguration	apps/convex/convex/identity/instance/image.ts:118	Convex native identity owner; full production acceptance OPEN	identity	query | internal | app | direct native constructor	OPEN
convex-rpc	identity/instance/index:bootstrap	apps/convex/convex/identity/instance/index.ts:30	Convex source candidate	instance	mutation | internal | app | direct native constructor	OPEN
convex-rpc	identity/instance/index:me	apps/convex/convex/identity/instance/index.ts:65	Convex source candidate	instance	query | public | app | direct native constructor	OPEN
convex-rpc	identity/instance/oauth:adopt	apps/convex/convex/identity/instance/oauth.ts:124	Convex native identity owner; full production acceptance OPEN	identity	mutation | internal | app | direct native constructor	OPEN
convex-rpc	identity/instance/oauth:get	apps/convex/convex/identity/instance/oauth.ts:54	Convex native identity owner; full production acceptance OPEN	identity	query | public | app | direct native constructor	OPEN
convex-rpc	identity/instance/oauth:save	apps/convex/convex/identity/instance/oauth.ts:79	Convex native identity owner; full production acceptance OPEN	identity	mutation | public | app | direct native constructor	OPEN
convex-rpc	identity/instance/roster:grant	apps/convex/convex/identity/instance/roster.ts:34	Convex source candidate	instance	mutation | public | app | direct native constructor	OPEN
convex-rpc	identity/instance/roster:list	apps/convex/convex/identity/instance/roster.ts:7	Convex source candidate	instance	query | public | app | direct native constructor	OPEN
convex-rpc	identity/instance/roster:revoke	apps/convex/convex/identity/instance/roster.ts:59	Convex source candidate	instance	mutation | public | app | direct native constructor	OPEN
convex-rpc	identity/instance/workspaces:create	apps/convex/convex/identity/instance/workspaces.ts:65	Convex native identity owner; full production acceptance OPEN	identity	mutation | public | app | direct native constructor	OPEN
convex-rpc	identity/instance/workspaces:list	apps/convex/convex/identity/instance/workspaces.ts:12	Convex native identity owner; full production acceptance OPEN	identity	query | public | app | direct native constructor	OPEN
convex-rpc	identity/instance/workspaces:members	apps/convex/convex/identity/instance/workspaces.ts:46	Convex native identity owner; full production acceptance OPEN	identity	query | public | app | direct native constructor	OPEN
convex-rpc	identity/instance/workspaces:projects	apps/convex/convex/identity/instance/workspaces.ts:32	Convex native identity owner; full production acceptance OPEN	identity	query | public | app | direct native constructor	OPEN
convex-rpc	identity/mail/availability:get	apps/convex/convex/identity/mail/availability.ts:3	Convex source candidate	identity	query | public | app | direct native constructor	OPEN
convex-rpc	identity/oauth/availability:list	apps/convex/convex/identity/oauth/availability.ts:5	Convex source candidate	identity	query | public | app | direct native constructor	OPEN
convex-rpc	identity/oauth/sync:importAvatar	apps/convex/convex/identity/oauth/sync.ts:109	Convex native identity owner; full production acceptance OPEN	identity	action | internal | app | direct native constructor	OPEN
convex-rpc	identity/oauth/sync:importSource	apps/convex/convex/identity/oauth/sync.ts:98	Convex native identity owner; full production acceptance OPEN	identity	query | internal | app | direct native constructor	OPEN
convex-rpc	identity/oauth/sync:publishAvatar	apps/convex/convex/identity/oauth/sync.ts:135	Convex native identity owner; full production acceptance OPEN	identity	mutation | internal | app | direct native constructor	OPEN
convex-rpc	identity/oauth/sync:publishProfile	apps/convex/convex/identity/oauth/sync.ts:70	Convex native identity owner; full production acceptance OPEN	identity	mutation | internal | app | direct native constructor	OPEN
convex-rpc	identity/onboarding:complete	apps/convex/convex/identity/onboarding.ts:37	Convex source candidate	identity	mutation | public | app | direct native constructor	OPEN
convex-rpc	identity/onboarding:completePreserved	apps/convex/convex/identity/onboarding.ts:41	Convex source candidate	identity	mutation | public | app | direct native constructor	OPEN
convex-rpc	identity/password/index:capabilities	apps/convex/convex/identity/password/index.ts:9	Convex source candidate	account	query | public | app | direct native constructor	OPEN
convex-rpc	identity/password/index:change	apps/convex/convex/identity/password/index.ts:28	Convex source candidate	account	mutation | public | app | direct native constructor	OPEN
convex-rpc	identity/password/index:set	apps/convex/convex/identity/password/index.ts:61	Convex source candidate	account	mutation | public | app | direct native constructor	OPEN
convex-rpc	identity/preferences:destination	apps/convex/convex/identity/preferences.ts:58	Convex source candidate	account	query | public | app | direct native constructor	OPEN
convex-rpc	identity/preferences:save	apps/convex/convex/identity/preferences.ts:24	Convex source candidate	account	mutation | public | app | direct native constructor	OPEN
convex-rpc	identity/preferences:selectWorkspace	apps/convex/convex/identity/preferences.ts:41	Convex source candidate	account	mutation | public | app | direct native constructor	OPEN
convex-rpc	identity/profile:completeProfile	apps/convex/convex/identity/profile.ts:64	Convex source candidate	account	mutation | public | app | direct native constructor	OPEN
convex-rpc	identity/profile:get	apps/convex/convex/identity/profile.ts:11	Convex source candidate	account	query | public | app | direct native constructor	OPEN
convex-rpc	identity/profile:save	apps/convex/convex/identity/profile.ts:63	Convex source candidate	account	mutation | public | app | direct native constructor	OPEN
convex-rpc	identity/session:status	apps/convex/convex/identity/session.ts:64	Convex source candidate	identity	query | public | app | direct native constructor	OPEN
convex-rpc	imports/index:authorize	apps/convex/convex/imports/index.ts:109	Convex native GitHub one-time Imports owner; full inherited Imports OPEN	workspace	internalQuery | current signed-in project writer; active usable GitHub vault grant, scope/revision/native state mappings; no public ciphertext/plaintext; reject guest/view/expired/revoked/cross-project credentials	OPEN
convex-rpc	imports/index:begin	apps/convex/convex/imports/index.ts:147	Convex native GitHub one-time Imports owner; full inherited Imports OPEN	workspace	internalMutation | actor UUID and captured repository/revision; repeated same selection returns one durable job, conflicting selection rejects; job/audit/scheduler publish atomically	OPEN
convex-rpc	imports/index:claim	apps/convex/convex/imports/index.ts:231	Convex native GitHub one-time Imports owner; full inherited Imports OPEN	workspace	internalMutation | one queued attempt; durable initiating account, current membership/grant/state/revision; timeout owns only matching processing attempt; revoked queued job records failure	OPEN
convex-rpc	imports/index:commitPage	apps/convex/convex/imports/index.ts:273	Convex native GitHub one-time Imports owner; full inherited Imports OPEN	workspace	internalMutation | bounded20 provider issues; native Task factory/sequence/content/index plus cursor/counters commit atomically; open/closed native mapping, PR exclusion, active/Trash identity dedupe, no resurrection or partial page	OPEN
convex-rpc	imports/index:fail	apps/convex/convex/imports/index.ts:332	Convex native GitHub one-time Imports owner; full inherited Imports OPEN	workspace	internalMutation | internal matched-attempt processing failure; stale timeout ignores queued/completed/newer attempts; safe recovery message and provider retryAt remain durable	OPEN
convex-rpc	imports/index:history	apps/convex/convex/imports/index.ts:411	Convex native GitHub one-time Imports owner; full inherited Imports OPEN	workspace	query | actor/admin plus current readable project before pagination; actual authorized destination name/identifier; retry capability from current permission/state/revision/status; provider cooldown remains retry mutation authority	OPEN
convex-rpc	imports/index:preview	apps/convex/convex/imports/index.ts:127	Convex native GitHub one-time Imports owner; full inherited Imports OPEN	workspace	action | authorized fixed GitHub repository GET with bounded native Zod payload; explicit one-time open/closed/Markdown-text scope before start; no PRs/labels/assignees/comments/invitations/ongoing sync	OPEN
convex-rpc	imports/index:retry	apps/convex/convex/imports/index.ts:395	Convex native GitHub one-time Imports owner; full inherited Imports OPEN	workspace	mutation | same initiating user, current project/vault/state/revision and failed status; reject before provider retryAt; resume the durable page without duplicate Task identity	OPEN
convex-rpc	imports/index:run	apps/convex/convex/imports/index.ts:346	Convex native GitHub one-time Imports owner; full inherited Imports OPEN	workspace	internalAction | fixed GitHub endpoint and20-issue/2MiB page; re-resolve captured repository ID before each page, reject name reuse; validate next page, rate cooldown, native scheduled lease and recoverable failure	OPEN
convex-rpc	imports/index:start	apps/convex/convex/imports/index.ts:197	Convex native GitHub one-time Imports owner; full inherited Imports OPEN	workspace	action | native UUID and previewed repositoryId; re-resolve and reject identity replacement before durable begin; literal-false-only unsupported options; current authority before any job write	OPEN
convex-rpc	intakes/description:get	apps/convex/convex/intakes/description.ts:13	Convex source candidate	intake	query | public | app | direct native constructor	OPEN
convex-rpc	intakes/description:save	apps/convex/convex/intakes/description.ts:29	Convex source candidate	intake	mutation | public | app | direct native constructor	OPEN
convex-rpc	intakes/index:configure	apps/convex/convex/intakes/index.ts:60	Convex source candidate	intake	mutation | public | app | direct native constructor	OPEN
convex-rpc	intakes/index:decide	apps/convex/convex/intakes/index.ts:310	Convex source candidate	intake	mutation | public | app | direct native constructor	OPEN
convex-rpc	intakes/index:edit	apps/convex/convex/intakes/index.ts:268	Convex source candidate	intake	mutation | public | app | direct native constructor	OPEN
convex-rpc	intakes/index:getConfig	apps/convex/convex/intakes/index.ts:34	Convex source candidate	intake	query | public | app | direct native constructor	OPEN
convex-rpc	intakes/index:list	apps/convex/convex/intakes/index.ts:199	Convex source candidate	intake	query | public | app | direct native constructor	OPEN
convex-rpc	intakes/index:remove	apps/convex/convex/intakes/index.ts:349	Convex source candidate	intake	mutation | public | app | direct native constructor	OPEN
convex-rpc	intakes/index:resolve	apps/convex/convex/intakes/index.ts:169	Convex source candidate	intake	query | public | app | direct native constructor	OPEN
convex-rpc	intakes/index:submit	apps/convex/convex/intakes/index.ts:83	Convex source candidate	intake	mutation | public | app | direct native constructor	OPEN
convex-rpc	intakes/lifecycle:get	apps/convex/convex/intakes/lifecycle.ts:57	Convex source candidate	intake	query | public | app | direct native constructor	OPEN
convex-rpc	intakes/lifecycle:list	apps/convex/convex/intakes/lifecycle.ts:37	Convex source candidate	intake	query | public | app | direct native constructor	OPEN
convex-rpc	intakes/lifecycle:restore	apps/convex/convex/intakes/lifecycle.ts:76	Convex source candidate	intake	mutation | public | app | direct native constructor	OPEN
convex-rpc	invitations/delivery:incomingPreview	apps/convex/convex/invitations/delivery.ts:86	Convex source candidate	workspace	query | internal | app | direct native constructor	OPEN
convex-rpc	invitations/delivery:projectAddition	apps/convex/convex/invitations/delivery.ts:91	Convex native project-added delivery owner; full production acceptance OPEN	projects	query | internal | app | direct native constructor	OPEN
convex-rpc	invitations/delivery:record	apps/convex/convex/invitations/delivery.ts:50	Convex source candidate	workspace	mutation | internal | app | direct native constructor	OPEN
convex-rpc	invitations/delivery:sending	apps/convex/convex/invitations/delivery.ts:35	Convex source candidate	workspace	query | internal | app | direct native constructor	OPEN
convex-rpc	invitations/email:incomingPreview	apps/convex/convex/invitations/email.ts:73	Convex source candidate	workspace	action | public | app | direct native constructor	OPEN
convex-rpc	invitations/email:projectAdded	apps/convex/convex/invitations/email.ts:91	Convex native project-added delivery owner; full production acceptance OPEN	projects	action | internal | app | direct native constructor	OPEN
convex-rpc	invitations/email:resend	apps/convex/convex/invitations/email.ts:64	Convex source candidate	workspace	action | public | app | direct native constructor	OPEN
convex-rpc	invitations/email:send	apps/convex/convex/invitations/email.ts:55	Convex source candidate	workspace	action | public | app | direct native constructor	OPEN
convex-rpc	invitations/index:acceptIncoming	apps/convex/convex/invitations/index.ts:182	Convex source candidate	workspace	mutation | public | app | direct native constructor	OPEN
convex-rpc	invitations/index:access	apps/convex/convex/invitations/index.ts:298	Convex source candidate	workspace	query | public | app | direct native constructor	OPEN
convex-rpc	invitations/index:availability	apps/convex/convex/invitations/index.ts:268	Convex source candidate	workspace	query | public | app | direct native constructor	OPEN
convex-rpc	invitations/index:create	apps/convex/convex/invitations/index.ts:43	Convex source candidate	workspace	mutation | public | app | direct native constructor	OPEN
convex-rpc	invitations/index:incoming	apps/convex/convex/invitations/index.ts:241	Convex source candidate	workspace	query | public | app | direct native constructor	OPEN
convex-rpc	invitations/index:list	apps/convex/convex/invitations/index.ts:201	Convex source candidate	workspace	query | public | app | direct native constructor	OPEN
convex-rpc	invitations/index:pending	apps/convex/convex/invitations/index.ts:218	Convex source candidate	workspace	query | public | app | direct native constructor	OPEN
convex-rpc	invitations/index:prepareResend	apps/convex/convex/invitations/index.ts:106	Convex source candidate	workspace	mutation | internal | app | direct native constructor	OPEN
convex-rpc	invitations/index:recipientAccess	apps/convex/convex/invitations/index.ts:312	Convex source candidate	workspace	query | public | app | direct native constructor	OPEN
convex-rpc	invitations/index:respondIncoming	apps/convex/convex/invitations/index.ts:173	Convex source candidate	workspace	mutation | public | app | direct native constructor	OPEN
convex-rpc	invitations/index:revoke	apps/convex/convex/invitations/index.ts:127	Convex source candidate	workspace	mutation | public | app | direct native constructor	OPEN
convex-rpc	invitations/index:updateRole	apps/convex/convex/invitations/index.ts:119	Convex source candidate	workspace	mutation | public | app | direct native constructor	OPEN
convex-rpc	mcp/client:confirm	apps/convex/convex/mcp/client.ts:6	Convex source candidate	resources-mcp	action | public | app | direct native constructor	OPEN
convex-rpc	mcp/credentials:authorizeCreate	apps/convex/convex/mcp/credentials.ts:33	Convex source candidate	resources-mcp	query | internal | app | direct native constructor	OPEN
convex-rpc	mcp/credentials:createEncrypted	apps/convex/convex/mcp/credentials.ts:39	Convex source candidate	resources-mcp	mutation | internal | app | direct native constructor	OPEN
convex-rpc	mcp/credentials:get	apps/convex/convex/mcp/credentials.ts:61	Convex source candidate	resources-mcp	query | public | app | direct native constructor	OPEN
convex-rpc	mcp/credentials:grant	apps/convex/convex/mcp/credentials.ts:92	Convex source candidate	resources-mcp	mutation | public | app | direct native constructor	OPEN
convex-rpc	mcp/credentials:grants	apps/convex/convex/mcp/credentials.ts:129	Convex source candidate	resources-mcp	query | public | app | direct native constructor	OPEN
convex-rpc	mcp/credentials:list	apps/convex/convex/mcp/credentials.ts:75	Convex source candidate	resources-mcp	query | public | app | direct native constructor	OPEN
convex-rpc	mcp/credentials:logs	apps/convex/convex/mcp/credentials.ts:139	Convex source candidate	resources-mcp	query | public | app | direct native constructor	OPEN
convex-rpc	mcp/credentials:resolve	apps/convex/convex/mcp/credentials.ts:162	Convex source candidate	resources-mcp	query | public | app | direct native constructor	OPEN
convex-rpc	mcp/credentials:revokeGrant	apps/convex/convex/mcp/credentials.ts:119	Convex source candidate	resources-mcp	mutation | public | app | direct native constructor	OPEN
convex-rpc	mcp/credentials:update	apps/convex/convex/mcp/credentials.ts:151	Convex source candidate	resources-mcp	mutation | public | app | direct native constructor	OPEN
convex-rpc	mcp/invocations:cancel	apps/convex/convex/mcp/invocations.ts:124	Convex source candidate	resources-mcp	mutation | public | app | direct native constructor	OPEN
convex-rpc	mcp/invocations:capabilities	apps/convex/convex/mcp/invocations.ts:201	Convex source candidate	resources-mcp	query | public | app | direct native constructor	OPEN
convex-rpc	mcp/invocations:claim	apps/convex/convex/mcp/invocations.ts:133	Convex source candidate	resources-mcp	mutation | internal | app | direct native constructor	OPEN
convex-rpc	mcp/invocations:dispatch	apps/convex/convex/mcp/invocations.ts:147	Convex source candidate	resources-mcp	query | internal | app | direct native constructor	OPEN
convex-rpc	mcp/invocations:fail	apps/convex/convex/mcp/invocations.ts:180	Convex source candidate	resources-mcp	mutation | internal | app | direct native constructor	OPEN
convex-rpc	mcp/invocations:finish	apps/convex/convex/mcp/invocations.ts:165	Convex source candidate	resources-mcp	mutation | internal | app | direct native constructor	OPEN
convex-rpc	mcp/invocations:get	apps/convex/convex/mcp/invocations.ts:109	Convex source candidate	resources-mcp	query | public | app | direct native constructor	OPEN
convex-rpc	mcp/invocations:list	apps/convex/convex/mcp/invocations.ts:113	Convex source candidate	resources-mcp	query | public | app | direct native constructor	OPEN
convex-rpc	mcp/invocations:propose	apps/convex/convex/mcp/invocations.ts:25	Convex source candidate	resources-mcp	mutation | public | app | direct native constructor	OPEN
convex-rpc	mcp/sensitive:authorizeRotate	apps/convex/convex/mcp/sensitive.ts:51	Convex source candidate	resources-mcp	query | internal | app | direct native constructor	OPEN
convex-rpc	mcp/sensitive:recordReveal	apps/convex/convex/mcp/sensitive.ts:19	Convex source candidate	resources-mcp	mutation | internal | app | direct native constructor	OPEN
convex-rpc	mcp/sensitive:remove	apps/convex/convex/mcp/sensitive.ts:74	Convex source candidate	resources-mcp	mutation | public | app | direct native constructor	OPEN
convex-rpc	mcp/sensitive:replaceSecret	apps/convex/convex/mcp/sensitive.ts:36	Convex source candidate	resources-mcp	mutation | internal | app | direct native constructor	OPEN
convex-rpc	mcp/sensitive:reveal	apps/convex/convex/mcp/sensitive.ts:27	Convex source candidate	resources-mcp	action | public | app | direct native constructor	OPEN
convex-rpc	mcp/sensitive:revealSecret	apps/convex/convex/mcp/sensitive.ts:7	Convex source candidate	resources-mcp	query | internal | app | direct native constructor	OPEN
convex-rpc	mcp/sensitive:revoke	apps/convex/convex/mcp/sensitive.ts:65	Convex source candidate	resources-mcp	mutation | public | app | direct native constructor	OPEN
convex-rpc	mcp/sensitive:rotate	apps/convex/convex/mcp/sensitive.ts:57	Convex source candidate	resources-mcp	action | public | app | direct native constructor	OPEN
convex-rpc	mcp/stepUp:verify	apps/convex/convex/mcp/stepUp.ts:10	Convex source candidate	resources-mcp	mutation | public | app | direct native constructor	OPEN
convex-rpc	mcp/vault:create	apps/convex/convex/mcp/vault.ts:7	Convex source candidate	resources-mcp	action | public | app | direct native constructor	OPEN
convex-rpc	meetings/index:counts	apps/convex/convex/meetings/index.ts:196	Convex native Meeting owner; scoped local proof, production acceptance OPEN	meetings	query | public | app | direct native constructor	OPEN
convex-rpc	meetings/index:get	apps/convex/convex/meetings/index.ts:134	Convex source candidate	meetings	query | public | app | direct native constructor	OPEN
convex-rpc	meetings/index:list	apps/convex/convex/meetings/index.ts:138	Convex source candidate	meetings	query | public | app | direct native constructor	OPEN
convex-rpc	meetings/index:participants	apps/convex/convex/meetings/index.ts:150	Convex source candidate	meetings	query | public | app | direct native constructor	OPEN
convex-rpc	meetings/index:remove	apps/convex/convex/meetings/index.ts:172	Convex source candidate	meetings	mutation | public | app | direct native constructor	OPEN
convex-rpc	meetings/index:save	apps/convex/convex/meetings/index.ts:88	Convex source candidate	meetings	mutation | public | app | direct native constructor	OPEN
convex-rpc	meetings/summary/generate:summarize	apps/convex/convex/meetings/summary/generate.ts:20	Convex source candidate	meetings	action | public | app | direct native constructor	OPEN
convex-rpc	meetings/summary/runs:begin	apps/convex/convex/meetings/summary/runs.ts:23	Convex source candidate	meetings	mutation | internal | app | direct native constructor	OPEN
convex-rpc	meetings/summary/runs:cancel	apps/convex/convex/meetings/summary/runs.ts:231	Convex source candidate	meetings	mutation | public | app | direct native constructor	OPEN
convex-rpc	meetings/summary/runs:complete	apps/convex/convex/meetings/summary/runs.ts:117	Convex source candidate	meetings	mutation | internal | app | direct native constructor	OPEN
convex-rpc	meetings/summary/runs:fail	apps/convex/convex/meetings/summary/runs.ts:181	Convex source candidate	meetings	mutation | internal | app | direct native constructor	OPEN
convex-rpc	meetings/summary/runs:latest	apps/convex/convex/meetings/summary/runs.ts:193	Convex source candidate	meetings	query | public | app | direct native constructor	OPEN
convex-rpc	meetings/summary/transcriptActions:save	apps/convex/convex/meetings/summary/transcriptActions.ts:8	Convex source candidate	meetings	action | public | app | direct native constructor	OPEN
convex-rpc	meetings/summary/transcripts:commit	apps/convex/convex/meetings/summary/transcripts.ts:109	Convex source candidate	meetings	mutation | internal | app | direct native constructor	OPEN
convex-rpc	meetings/summary/transcripts:get	apps/convex/convex/meetings/summary/transcripts.ts:21	Convex source candidate	meetings	query | public | app | direct native constructor	OPEN
convex-rpc	meetings/summary/transcripts:prepare	apps/convex/convex/meetings/summary/transcripts.ts:138	Convex source candidate	meetings	query | internal | app | direct native constructor	OPEN
convex-rpc	meetings/tasks:link	apps/convex/convex/meetings/tasks.ts:29	Convex source candidate	meetings	mutation | public | app | direct native constructor	OPEN
convex-rpc	meetings/tasks:linkById	apps/convex/convex/meetings/tasks.ts:30	Convex native Meeting owner; scoped local proof, production acceptance OPEN	meetings	mutation | public | app | direct native constructor	OPEN
convex-rpc	meetings/tasks:list	apps/convex/convex/meetings/tasks.ts:38	Convex source candidate	meetings	query | public | app | direct native constructor	OPEN
convex-rpc	meetings/tasks:unlink	apps/convex/convex/meetings/tasks.ts:74	Convex source candidate	meetings	mutation | public | app | direct native constructor	OPEN
convex-rpc	meetings/transcription/provider:cancel	apps/convex/convex/meetings/transcription/provider.ts:179	Convex native Meeting owner; scoped local proof, production acceptance OPEN	meetings	action | internal | app | direct native constructor	OPEN
convex-rpc	meetings/transcription/provider:step	apps/convex/convex/meetings/transcription/provider.ts:158	Convex native Meeting owner; scoped local proof, production acceptance OPEN	meetings	action | internal | app | direct native constructor	OPEN
convex-rpc	meetings/transcription/runs:cancel	apps/convex/convex/meetings/transcription/runs.ts:169	Convex native Meeting owner; scoped local proof, production acceptance OPEN	meetings	mutation | public | app | direct native constructor	OPEN
convex-rpc	meetings/transcription/runs:complete	apps/convex/convex/meetings/transcription/runs.ts:128	Convex native Meeting owner; scoped local proof, production acceptance OPEN	meetings	mutation | internal | app | direct native constructor	OPEN
convex-rpc	meetings/transcription/runs:fail	apps/convex/convex/meetings/transcription/runs.ts:143	Convex native Meeting owner; scoped local proof, production acceptance OPEN	meetings	mutation | internal | app | direct native constructor	OPEN
convex-rpc	meetings/transcription/runs:latest	apps/convex/convex/meetings/transcription/runs.ts:157	Convex native Meeting owner; scoped local proof, production acceptance OPEN	meetings	query | public | app | direct native constructor	OPEN
convex-rpc	meetings/transcription/runs:poll	apps/convex/convex/meetings/transcription/runs.ts:106	Convex native Meeting owner; scoped local proof, production acceptance OPEN	meetings	mutation | internal | app | direct native constructor	OPEN
convex-rpc	meetings/transcription/runs:prepare	apps/convex/convex/meetings/transcription/runs.ts:114	Convex native Meeting owner; scoped local proof, production acceptance OPEN	meetings	query | internal | app | direct native constructor	OPEN
convex-rpc	meetings/transcription/runs:removeRecording	apps/convex/convex/meetings/transcription/runs.ts:180	Convex native Meeting owner; scoped local proof, production acceptance OPEN	meetings	mutation | public | app | direct native constructor	OPEN
convex-rpc	meetings/transcription/runs:start	apps/convex/convex/meetings/transcription/runs.ts:39	Convex native Meeting owner; scoped local proof, production acceptance OPEN	meetings	mutation | public | app | direct native constructor	OPEN
convex-rpc	meetings/transcription/runs:tick	apps/convex/convex/meetings/transcription/runs.ts:82	Convex native Meeting owner; scoped local proof, production acceptance OPEN	meetings	mutation | internal | app | direct native constructor	OPEN
convex-rpc	modules/index:address	apps/convex/convex/modules/index.ts:179	Convex canonical Module catalogue/directory/address/metadata owner	modules	query | public | app | direct native constructor	OPEN
convex-rpc	modules/index:catalogue	apps/convex/convex/modules/index.ts:205	Convex canonical Module catalogue/directory/address/metadata owner	modules	query | public | app | direct native constructor	OPEN
convex-rpc	modules/index:create	apps/convex/convex/modules/index.ts:50	Convex source candidate	modules	mutation | public | app | direct native constructor	OPEN
convex-rpc	modules/index:directory	apps/convex/convex/modules/index.ts:237	Convex canonical Module catalogue/directory/address/metadata owner	modules	query | public | app | direct native constructor	OPEN
convex-rpc	modules/index:get	apps/convex/convex/modules/index.ts:167	Convex source candidate	modules	query | public | app | direct native constructor	OPEN
convex-rpc	modules/index:getTaskPreferences	apps/convex/convex/modules/index.ts:344	Convex native modules owner; full production acceptance OPEN	modules	query | public | app | direct native constructor	OPEN
convex-rpc	modules/index:lifecycle	apps/convex/convex/modules/index.ts:303	Convex source candidate	modules	mutation | public | app | direct native constructor	OPEN
convex-rpc	modules/index:list	apps/convex/convex/modules/index.ts:190	Convex source candidate	modules	query | public | app | direct native constructor	OPEN
convex-rpc	modules/index:patch	apps/convex/convex/modules/index.ts:140	Convex canonical Module catalogue/directory/address/metadata owner	modules	mutation | public | app | direct native constructor	OPEN
convex-rpc	modules/index:resolve	apps/convex/convex/modules/index.ts:171	Convex source candidate	modules	query | public | app | direct native constructor	OPEN
convex-rpc	modules/index:saveTaskPreferences	apps/convex/convex/modules/index.ts:351	Convex native modules owner; full production acceptance OPEN	modules	mutation | public | app | direct native constructor	OPEN
convex-rpc	modules/index:update	apps/convex/convex/modules/index.ts:132	Convex source candidate	modules	mutation | public | app | direct native constructor	OPEN
convex-rpc	modules/links:create	apps/convex/convex/modules/links.ts:49	Convex source candidate	modules	mutation | public | app | direct native constructor	OPEN
convex-rpc	modules/links:list	apps/convex/convex/modules/links.ts:31	Convex source candidate	modules	query | public | app | direct native constructor	OPEN
convex-rpc	modules/links:remove	apps/convex/convex/modules/links.ts:78	Convex source candidate	modules	mutation | public | app | direct native constructor	OPEN
convex-rpc	modules/links:update	apps/convex/convex/modules/links.ts:68	Convex source candidate	modules	mutation | public | app | direct native constructor	OPEN
convex-rpc	modules/members:choices	apps/convex/convex/modules/members.ts:53	Convex source candidate	modules	query | public | app | direct native constructor	OPEN
convex-rpc	modules/members:list	apps/convex/convex/modules/members.ts:33	Convex source candidate	modules	query | public | app | direct native constructor	OPEN
convex-rpc	modules/members:set	apps/convex/convex/modules/members.ts:10	Convex source candidate	modules	mutation | public | app | direct native constructor	OPEN
convex-rpc	modules/progress:page	apps/convex/convex/modules/progress.ts:6	Convex source candidate	modules	query | public | app | direct native constructor	OPEN
convex-rpc	modules/tasks:forTask	apps/convex/convex/modules/tasks.ts:119	Convex source candidate	modules	query | public | app | direct native constructor	OPEN
convex-rpc	modules/tasks:list	apps/convex/convex/modules/tasks.ts:52	Convex source candidate	modules	query | public | app | direct native constructor	OPEN
convex-rpc	modules/tasks:set	apps/convex/convex/modules/tasks.ts:16	Convex source candidate	modules	mutation | public | app | direct native constructor	OPEN
convex-rpc	modules/tasks:setMany	apps/convex/convex/modules/tasks.ts:26	Convex atomic current-permission module task selection	modules	mutation | public | app | direct native constructor	OPEN
convex-rpc	modules/workspace:list	apps/convex/convex/modules/workspace.ts:9	Convex source candidate	modules	query | public | app | direct native constructor	OPEN
convex-rpc	navigation/address:resolveMeetingId	apps/convex/convex/navigation/address.ts:125	Convex native Meeting owner; scoped local proof, production acceptance OPEN	meetings	query | public | app | direct native constructor	OPEN
convex-rpc	navigation/address:resolveProject	apps/convex/convex/navigation/address.ts:40	Convex source candidate	shared-shell	query | public | app | direct native constructor	OPEN
convex-rpc	navigation/address:resolveProjectId	apps/convex/convex/navigation/address.ts:51	Convex source candidate	shared-shell	query | public | app | direct native constructor	OPEN
convex-rpc	navigation/address:resolveTask	apps/convex/convex/navigation/address.ts:61	Convex source candidate	shared-shell	query | public | app | direct native constructor	OPEN
convex-rpc	navigation/address:resolveTaskId	apps/convex/convex/navigation/address.ts:88	Convex generated task-address owner	shared-shell	query | public | app | direct native constructor	OPEN
convex-rpc	navigation/address:resolveWorkspace	apps/convex/convex/navigation/address.ts:33	Convex source candidate	shared-shell	query | public | app | direct native constructor	OPEN
convex-rpc	navigation/preferences:ensure	apps/convex/convex/navigation/preferences.ts:36	Convex source candidate	shared-shell	mutation | public | app | direct native constructor	OPEN
convex-rpc	navigation/preferences:list	apps/convex/convex/navigation/preferences.ts:43	Convex source candidate	shared-shell	query | public | app | direct native constructor	OPEN
convex-rpc	navigation/preferences:update	apps/convex/convex/navigation/preferences.ts:59	Convex source candidate	shared-shell	mutation | public | app | direct native constructor	OPEN
convex-rpc	navigation/recent:list	apps/convex/convex/navigation/recent.ts:30	Convex source candidate	shared-shell	query | public | app | direct native constructor	OPEN
convex-rpc	navigation/recent:record	apps/convex/convex/navigation/recent.ts:7	Convex source candidate	shared-shell	mutation | public | app | direct native constructor	OPEN
convex-rpc	notifications/bulk:begin	apps/convex/convex/notifications/bulk.ts:6	Convex source candidate	notifications	mutation | public | app | direct native constructor	OPEN
convex-rpc	notifications/bulk:cancel	apps/convex/convex/notifications/bulk.ts:50	Convex source candidate	notifications	mutation | public | app | direct native constructor	OPEN
convex-rpc	notifications/bulk:page	apps/convex/convex/notifications/bulk.ts:22	Convex source candidate	notifications	mutation | public | app | direct native constructor	OPEN
convex-rpc	notifications/cleanup:expire	apps/convex/convex/notifications/cleanup.ts:3	Convex source candidate	notifications	mutation | internal | app | direct native constructor	OPEN
convex-rpc	notifications/cleanup:expireEmail	apps/convex/convex/notifications/cleanup.ts:17	Convex native notifications owner; full production acceptance OPEN	notifications	mutation | internal | app | direct native constructor	OPEN
convex-rpc	notifications/delivery:deliver	apps/convex/convex/notifications/delivery.ts:48	Convex native notifications owner; full production acceptance OPEN	notifications	mutation | internal | app | direct native constructor	OPEN
convex-rpc	notifications/index:deliverEmail	apps/convex/convex/notifications/index.ts:352	Convex native notifications owner; full production acceptance OPEN	notifications	action | internal | app | direct native constructor	OPEN
convex-rpc	notifications/index:dispatchEmail	apps/convex/convex/notifications/index.ts:189	Convex native notifications owner; full production acceptance OPEN	notifications	mutation | internal | app | direct native constructor	OPEN
convex-rpc	notifications/index:emailConfiguration	apps/convex/convex/notifications/index.ts:268	Convex native notifications owner; full production acceptance OPEN	notifications	query | internal | app | direct native constructor	OPEN
convex-rpc	notifications/index:emailPage	apps/convex/convex/notifications/index.ts:211	Convex native notifications owner; full production acceptance OPEN	notifications	query | internal | app | direct native constructor	OPEN
convex-rpc	notifications/index:list	apps/convex/convex/notifications/index.ts:75	Convex source candidate	notifications	query | public | app | direct native constructor	OPEN
convex-rpc	notifications/index:preferences	apps/convex/convex/notifications/index.ts:20	Convex source candidate	notifications	query | public | app | direct native constructor	OPEN
convex-rpc	notifications/index:recordEmailResult	apps/convex/convex/notifications/index.ts:301	Convex native notifications owner; full production acceptance OPEN	notifications	mutation | internal | app | direct native constructor	OPEN
convex-rpc	notifications/index:savePreferences	apps/convex/convex/notifications/index.ts:34	Convex source candidate	notifications	mutation | public | app | direct native constructor	OPEN
convex-rpc	notifications/index:subscribe	apps/convex/convex/notifications/index.ts:49	Convex source candidate	notifications	mutation | public | app | direct native constructor	OPEN
convex-rpc	notifications/index:subscription	apps/convex/convex/notifications/index.ts:64	Convex source candidate	notifications	query | public | app | direct native constructor	OPEN
convex-rpc	notifications/index:subscriptionAccess	apps/convex/convex/notifications/index.ts:146	Convex source candidate	notifications	query | public | app | direct native constructor	OPEN
convex-rpc	notifications/index:summary	apps/convex/convex/notifications/index.ts:163	Convex native notifications owner; full production acceptance OPEN	notifications	query | public | app | direct native constructor	OPEN
convex-rpc	notifications/index:update	apps/convex/convex/notifications/index.ts:116	Convex source candidate	notifications	mutation | public | app | direct native constructor	OPEN
convex-rpc	notifications/mentions:choices	apps/convex/convex/notifications/mentions.ts:23	Convex source candidate	notifications	query | public | app | direct native constructor	OPEN
convex-rpc	notifications/mentions:policy	apps/convex/convex/notifications/mentions.ts:10	Convex source candidate	notifications	query | public | app | direct native constructor	OPEN
convex-rpc	projects/branding:save	apps/convex/convex/projects/branding.ts:6	Convex source candidate	projects	mutation | public | app | direct native constructor	OPEN
convex-rpc	projects/cover:clear	apps/convex/convex/projects/cover.ts:98	Convex source candidate	projects	mutation | public | app | direct native constructor	OPEN
convex-rpc	projects/cover:get	apps/convex/convex/projects/cover.ts:12	Convex source candidate	projects	query | public | app | direct native constructor	OPEN
convex-rpc	projects/cover:prepare	apps/convex/convex/projects/cover.ts:26	Convex source candidate	projects	mutation | public | app | direct native constructor	OPEN
convex-rpc	projects/cover:remove	apps/convex/convex/projects/cover.ts:43	Convex source candidate	projects	mutation | public | app | direct native constructor	OPEN
convex-rpc	projects/cover:removed	apps/convex/convex/projects/cover.ts:51	Convex source candidate	projects	query | public | app | direct native constructor	OPEN
convex-rpc	projects/cover:restore	apps/convex/convex/projects/cover.ts:70	Convex source candidate	projects	mutation | public | app | direct native constructor	OPEN
convex-rpc	projects/cover:setExternal	apps/convex/convex/projects/cover.ts:90	Convex source candidate	projects	mutation | public | app | direct native constructor	OPEN
convex-rpc	projects/deletion:step	apps/convex/convex/projects/deletion.ts:325	Convex native projects owner; full production acceptance OPEN	projects	mutation | internal | app | direct native constructor	OPEN
convex-rpc	projects/directory:members	apps/convex/convex/projects/directory.ts:55	Convex source candidate	projects	query | public | app | direct native constructor	OPEN
convex-rpc	projects/directory:memberships	apps/convex/convex/projects/directory.ts:74	Convex complete currently authorized project roster contributions	projects	query | public | app | direct native constructor	OPEN
convex-rpc	projects/external:archive	apps/convex/convex/projects/external.ts:781	Convex native external-api owner; full production acceptance OPEN	external-api	mutation | internal | app | direct native constructor	OPEN
convex-rpc	projects/external:catalogueRead	apps/convex/convex/projects/external.ts:951	Convex native external-api owner; full production acceptance OPEN	external-api	query | internal | app | direct native constructor	OPEN
convex-rpc	projects/external:catalogueRemove	apps/convex/convex/projects/external.ts:2604	Convex native external-api owner; full production acceptance OPEN	external-api	mutation | internal | app | direct native constructor	OPEN
convex-rpc	projects/external:create	apps/convex/convex/projects/external.ts:515	Convex native external-api owner; full production acceptance OPEN	external-api	mutation | internal | app | direct native constructor	OPEN
convex-rpc	projects/external:list	apps/convex/convex/projects/external.ts:398	Convex native external-api owner; full production acceptance OPEN	external-api	query | internal | app | direct native constructor	OPEN
convex-rpc	projects/external:patch	apps/convex/convex/projects/external.ts:717	Convex native external-api owner; full production acceptance OPEN	external-api	mutation | internal | app | direct native constructor	OPEN
convex-rpc	projects/external:read	apps/convex/convex/projects/external.ts:356	Convex native external-api owner; full production acceptance OPEN	external-api	query | internal | app | direct native constructor	OPEN
convex-rpc	projects/external:remove	apps/convex/convex/projects/external.ts:762	Convex native external-api owner; full production acceptance OPEN	external-api	mutation | internal | app | direct native constructor	OPEN
convex-rpc	projects/external:removeTask	apps/convex/convex/projects/external.ts:1814	Convex canonical Task retirement owner; production acceptance OPEN	tasks	internalMutation | internal | irreversible API intent and bounded native graph retirement; genuine PAT/cascade/expiry acceptance OPEN	OPEN
convex-rpc	projects/external:summary	apps/convex/convex/projects/external.ts:369	Convex native external-api owner; full production acceptance OPEN	external-api	query | internal | app | direct native constructor; delegated by existing GET /api/v1/workspaces/* for projects/{UUID}/summary/. Acceptance OPEN: genuine existing PAT/current unrestricted verified subject; joined workspace Admin/Member including unjoined private-project Member, Guest/nonjoined/missing/trashed workspace403 and Trash/wrong-project404; exact {id,name,identifier,counts} with selected canonical8 cohorts (active members, nontriage states, current labels, nondeleted cycles/modules, nondeleted nontriage issues incl archive, active Intake associations, canonical document project links incl private/archive); missing/empty/unknown-only fields→all, trim/dedup and final repeated fields value; one successful native query snapshot/fresh exported cohort proof, requested-only reads and existing key/audit accounting. Archived-project and live credential readiness remain OPEN in current fixture snapshot; native read limits/capacity and full method parity unverified.	OPEN
convex-rpc	projects/external:taskCompanionRead	apps/convex/convex/projects/external.ts:1949	Convex canonical Task companion owner; production acceptance OPEN	external-api	internalQuery | internal | canonical current actor/project/task/UUID/link/comment boundaries; inherited field/error/role/concurrency/storage/event parity and actual public delivery acceptance OPEN	OPEN
convex-rpc	projects/external:taskRead	apps/convex/convex/projects/external.ts:1400	Convex native external Task owner	tasks	internalQuery | canonical REST Task detail/external identity and inherited collection envelope; all13 ordering namespaces (creation/seven scalar/two state aliases/MAX label/MAX assignee/joined module names), exact totals/page cursor, selected fields/expand and current project/PAT authority. Canonical writers maintain relationship names/profile changes; real API/filter/ACL/lifecycle/capacity and full writable/type/default/import parity OPEN	OPEN
convex-rpc	projects/external:writeLabels	apps/convex/convex/projects/external.ts:2547	Convex native external-api owner; full production acceptance OPEN	external-api	mutation | internal | app | direct native constructor	OPEN
convex-rpc	projects/external:writeStates	apps/convex/convex/projects/external.ts:2500	Convex native external-api owner; full production acceptance OPEN	external-api	mutation | internal | app | direct native constructor	OPEN
convex-rpc	projects/external:writeTaskApi	apps/convex/convex/projects/external.ts:1541	Convex canonical Task factory and registered REST authority	tasks	internalMutation | name/external pair; fresh native defaults only; other writable fields/types/imports remain OPEN	OPEN
convex-rpc	projects/external:writeTaskCommentApi	apps/convex/convex/projects/external.ts:2124	Convex canonical Task companion owner; production acceptance OPEN	external-api	internalMutation | internal | canonical current actor/project/task/UUID/link/comment boundaries; inherited field/error/role/concurrency/storage/event parity and actual public delivery acceptance OPEN	OPEN
convex-rpc	projects/external:writeTaskLinkApi	apps/convex/convex/projects/external.ts:2030	Convex canonical Task companion owner; production acceptance OPEN	external-api	internalMutation | internal | canonical current actor/project/task/UUID/link/comment boundaries; inherited field/error/role/concurrency/storage/event parity and actual public delivery acceptance OPEN	OPEN
convex-rpc	projects/features:backfill	apps/convex/convex/projects/features.ts:71	Convex source candidate	projects	mutation | internal | app | direct native constructor	OPEN
convex-rpc	projects/features:get	apps/convex/convex/projects/features.ts:23	Convex source candidate	projects	query | public | app | direct native constructor	OPEN
convex-rpc	projects/features:resolve	apps/convex/convex/projects/features.ts:34	Convex source candidate	projects	query | public | app | direct native constructor	OPEN
convex-rpc	projects/features:save	apps/convex/convex/projects/features.ts:53	Convex source candidate	projects	mutation | public | app | direct native constructor	OPEN
convex-rpc	projects/form:get	apps/convex/convex/projects/form.ts:16	Convex source candidate	projects	query | public | app | direct native constructor	OPEN
convex-rpc	projects/form:prepareCover	apps/convex/convex/projects/form.ts:64	Convex generated projects.form metadata/appearance CAS and deferred project-cover staging owner; production acceptance OPEN	projects	mutation | public | app | direct native constructor; acceptance: current administrator and exact project/workspace proof, metadata/appearance CAS, upload finalization without publication, uploader-only unexpired preview, atomic General Save adoption and Cancel/expiry cleanup. Source declaration is not provider or runtime acceptance.	OPEN
convex-rpc	projects/form:save	apps/convex/convex/projects/form.ts:88	Convex source candidate	projects	mutation | public | app | direct native constructor	OPEN
convex-rpc	projects/inactivity:get	apps/convex/convex/projects/inactivity.ts:23	Convex native projects owner; full production acceptance OPEN	automation	query | public | app | direct native constructor	OPEN
convex-rpc	projects/inactivity:run	apps/convex/convex/projects/inactivity.ts:150	Convex native projects owner; full production acceptance OPEN	automation	mutation | internal | app | direct native constructor	OPEN
convex-rpc	projects/inactivity:save	apps/convex/convex/projects/inactivity.ts:48	Convex native projects owner; full production acceptance OPEN	automation	mutation | public | app | direct native constructor	OPEN
convex-rpc	projects/inactivity:sweep	apps/convex/convex/projects/inactivity.ts:123	Convex native projects owner; full production acceptance OPEN	automation	mutation | internal | app | direct native constructor	OPEN
convex-rpc	projects/index:addMembers	apps/convex/convex/projects/index.ts:231	Convex native projects owner; full production acceptance OPEN	projects	mutation | public | app | direct native constructor	OPEN
convex-rpc	projects/index:availableMembers	apps/convex/convex/projects/index.ts:150	Convex native projects owner; full production acceptance OPEN	projects	query | public | app | direct native constructor	OPEN
convex-rpc	projects/index:create	apps/convex/convex/projects/index.ts:51	Convex source candidate	projects	mutation | public | app | direct native constructor	OPEN
convex-rpc	projects/index:grantMember	apps/convex/convex/projects/index.ts:208	Convex source candidate	projects	mutation | public | app | direct native constructor	OPEN
convex-rpc	projects/index:leave	apps/convex/convex/projects/index.ts:292	Convex source candidate	projects	mutation | public | app | direct native constructor	OPEN
convex-rpc	projects/index:list	apps/convex/convex/projects/index.ts:23	Convex source candidate	projects	query | public | app | direct native constructor	OPEN
convex-rpc	projects/index:members	apps/convex/convex/projects/index.ts:99	Convex native projects owner; full production acceptance OPEN	projects	query | public | app | direct native constructor	OPEN
convex-rpc	projects/index:resolveMember	apps/convex/convex/projects/index.ts:186	Convex source candidate	projects	query | public | app | direct native constructor	OPEN
convex-rpc	projects/index:revokeMember	apps/convex/convex/projects/index.ts:273	Convex source candidate	projects	mutation | public | app | direct native constructor	OPEN
convex-rpc	projects/lifecycle:backfill	apps/convex/convex/projects/lifecycle.ts:88	Convex source candidate	projects	mutation | internal | app | direct native constructor	OPEN
convex-rpc	projects/lifecycle:get	apps/convex/convex/projects/lifecycle.ts:35	Convex source candidate	projects	query | public | app | direct native constructor	OPEN
convex-rpc	projects/lifecycle:list	apps/convex/convex/projects/lifecycle.ts:39	Convex source candidate	projects	query | public | app | direct native constructor	OPEN
convex-rpc	projects/lifecycle:setDeleted	apps/convex/convex/projects/lifecycle.ts:80	Convex source candidate	projects	mutation | public | app | direct native constructor	OPEN
convex-rpc	projects/navigation:get	apps/convex/convex/projects/navigation.ts:20	Convex source candidate	projects	query | public | app | direct native constructor	OPEN
convex-rpc	projects/navigation:getTaskPreferences	apps/convex/convex/projects/navigation.ts:51	Convex native projects owner; full production acceptance OPEN	projects	query | public | app | direct native constructor	OPEN
convex-rpc	projects/navigation:reset	apps/convex/convex/projects/navigation.ts:41	Convex source candidate	projects	mutation | public | app | direct native constructor	OPEN
convex-rpc	projects/navigation:save	apps/convex/convex/projects/navigation.ts:31	Convex source candidate	projects	mutation | public | app | direct native constructor	OPEN
convex-rpc	projects/navigation:saveTaskPreferences	apps/convex/convex/projects/navigation.ts:58	Convex native projects owner; full production acceptance OPEN	projects	mutation | public | app | direct native constructor	OPEN
convex-rpc	projects/network:backfill	apps/convex/convex/projects/network.ts:157	Convex source candidate	projects	mutation | internal | app | direct native constructor	OPEN
convex-rpc	projects/network:get	apps/convex/convex/projects/network.ts:65	Convex source candidate	projects	query | public | app | direct native constructor	OPEN
convex-rpc	projects/network:join	apps/convex/convex/projects/network.ts:124	Convex source candidate	projects	mutation | public | app | direct native constructor	OPEN
convex-rpc	projects/network:joinMany	apps/convex/convex/projects/network.ts:130	Convex source candidate	projects	mutation | public | app | direct native constructor	OPEN
convex-rpc	projects/network:list	apps/convex/convex/projects/network.ts:75	Convex source candidate	projects	query | public | app | direct native constructor	OPEN
convex-rpc	projects/network:save	apps/convex/convex/projects/network.ts:96	Convex source candidate	projects	mutation | public | app | direct native constructor	OPEN
convex-rpc	projects/order:backfill	apps/convex/convex/projects/order.ts:66	Convex source candidate	projects	mutation | internal | app | direct native constructor	OPEN
convex-rpc	projects/order:list	apps/convex/convex/projects/order.ts:14	Convex source candidate	projects	query | public | app | direct native constructor	OPEN
convex-rpc	projects/order:move	apps/convex/convex/projects/order.ts:40	Convex source candidate	projects	mutation | public | app | direct native constructor	OPEN
convex-rpc	projects/settings:archiveFavorites	apps/convex/convex/projects/settings.ts:127	Convex native projects owner; full production acceptance OPEN	projects	mutation | internal | app | direct native constructor	OPEN
convex-rpc	projects/settings:archived	apps/convex/convex/projects/settings.ts:51	Convex source candidate	projects	query | public | app | direct native constructor	OPEN
convex-rpc	projects/settings:get	apps/convex/convex/projects/settings.ts:23	Convex source candidate	projects	query | public | app | direct native constructor	OPEN
convex-rpc	projects/settings:memberDefaults	apps/convex/convex/projects/settings.ts:163	Convex native projects owner; full production acceptance OPEN	projects	query | public | app | direct native constructor	OPEN
convex-rpc	projects/settings:save	apps/convex/convex/projects/settings.ts:36	Convex source candidate	projects	mutation | public | app | direct native constructor	OPEN
convex-rpc	projects/settings:saveMemberDefaults	apps/convex/convex/projects/settings.ts:182	Convex native projects owner; full production acceptance OPEN	projects	mutation | public | app | direct native constructor	OPEN
convex-rpc	projects/settings:setArchived	apps/convex/convex/projects/settings.ts:87	Convex source candidate	projects	mutation | public | app | direct native constructor	OPEN
convex-rpc	projects/timezone:backfill	apps/convex/convex/projects/timezone.ts:37	Convex source candidate	projects	mutation | internal | app | direct native constructor	OPEN
convex-rpc	projects/timezone:get	apps/convex/convex/projects/timezone.ts:11	Convex source candidate	projects	query | public | app | direct native constructor	OPEN
convex-rpc	projects/timezone:save	apps/convex/convex/projects/timezone.ts:21	Convex source candidate	projects	mutation | public | app | direct native constructor	OPEN
convex-rpc	publicSharing/index:catalog	apps/convex/convex/publicSharing/index.ts:209	Convex generated publicSharing.index API candidate; full production acceptance OPEN	public-sharing	query | public | app | direct native constructor	OPEN
convex-rpc	publicSharing/index:cycles	apps/convex/convex/publicSharing/index.ts:268	Convex generated publicSharing.index API candidate; full production acceptance OPEN	public-sharing	query | public | app | direct native constructor	OPEN
convex-rpc	publicSharing/index:get	apps/convex/convex/publicSharing/index.ts:29	Convex generated publicSharing.index API candidate; full production acceptance OPEN	public-sharing	query | public | app | direct native constructor	OPEN
convex-rpc	publicSharing/index:getTask	apps/convex/convex/publicSharing/index.ts:185	Convex generated publicSharing.index API candidate; full production acceptance OPEN	public-sharing	query | public | app | direct native constructor	OPEN
convex-rpc	publicSharing/index:list	apps/convex/convex/publicSharing/index.ts:170	Convex generated publicSharing.index API candidate; full production acceptance OPEN	public-sharing	query | public | app | direct native constructor	OPEN
convex-rpc	publicSharing/index:members	apps/convex/convex/publicSharing/index.ts:245	Convex generated publicSharing.index API candidate; full production acceptance OPEN	public-sharing	query | public | app | direct native constructor	OPEN
convex-rpc	publicSharing/index:modules	apps/convex/convex/publicSharing/index.ts:282	Convex generated publicSharing.index API candidate; full production acceptance OPEN	public-sharing	query | public | app | direct native constructor	OPEN
convex-rpc	publicSharing/index:resolveDescriptionImage	apps/convex/convex/publicSharing/index.ts:296	Convex generated publicSharing.index API candidate; full production acceptance OPEN	public-sharing	query | public | app | direct native constructor	OPEN
convex-rpc	publicSharing/index:resolveProject	apps/convex/convex/publicSharing/index.ts:111	Convex generated publicSharing.index API candidate; full production acceptance OPEN	public-sharing	query | public | app | direct native constructor	OPEN
convex-rpc	publicSharing/index:revoke	apps/convex/convex/publicSharing/index.ts:66	Convex generated publicSharing.index API candidate; full production acceptance OPEN	public-sharing	mutation | public | app | direct native constructor	OPEN
convex-rpc	publicSharing/index:save	apps/convex/convex/publicSharing/index.ts:45	Convex generated publicSharing.index API candidate; full production acceptance OPEN	public-sharing	mutation | public | app | direct native constructor	OPEN
convex-rpc	publicSharing/index:settings	apps/convex/convex/publicSharing/index.ts:80	Convex generated publicSharing.index API candidate; full production acceptance OPEN	public-sharing	query | public | app | direct native constructor	OPEN
convex-rpc	publicSharing/index:summary	apps/convex/convex/publicSharing/index.ts:177	Convex generated publicSharing.index API candidate; full production acceptance OPEN	public-sharing	query | public | app | direct native constructor	OPEN
convex-rpc	quickLinks/index:create	apps/convex/convex/quickLinks/index.ts:50	Convex source candidate	shared-shell	mutation | public | app | direct native constructor	OPEN
convex-rpc	quickLinks/index:get	apps/convex/convex/quickLinks/index.ts:46	Convex source candidate	shared-shell	query | public | app | direct native constructor	OPEN
convex-rpc	quickLinks/index:list	apps/convex/convex/quickLinks/index.ts:35	Convex source candidate	shared-shell	query | public | app | direct native constructor	OPEN
convex-rpc	quickLinks/index:remove	apps/convex/convex/quickLinks/index.ts:94	Convex source candidate	shared-shell	mutation | public | app | direct native constructor	OPEN
convex-rpc	quickLinks/index:update	apps/convex/convex/quickLinks/index.ts:72	Convex source candidate	shared-shell	mutation | public | app | direct native constructor	OPEN
convex-rpc	reporting/analytics:activeProjects	apps/convex/convex/reporting/analytics.ts:449	Convex native reporting owner; full production acceptance OPEN	reporting	query | public | app | direct native constructor	OPEN
convex-rpc	reporting/analytics:chart	apps/convex/convex/reporting/analytics.ts:278	Convex native reporting owner; full production acceptance OPEN	reporting	query | public | app | direct native constructor	OPEN
convex-rpc	reporting/analytics:entities	apps/convex/convex/reporting/analytics.ts:314	Convex native reporting owner; full production acceptance OPEN	reporting	query | public | app | direct native constructor	OPEN
convex-rpc	reporting/analytics:people	apps/convex/convex/reporting/analytics.ts:394	Convex native reporting owner; full production acceptance OPEN	reporting	query | public | app | direct native constructor	OPEN
convex-rpc	reporting/analytics:projects	apps/convex/convex/reporting/analytics.ts:427	Convex native reporting owner; full production acceptance OPEN	reporting	query | public | app | direct native constructor	OPEN
convex-rpc	reporting/analytics:tasks	apps/convex/convex/reporting/analytics.ts:117	Convex native reporting owner; full production acceptance OPEN	reporting	query | public | app | direct native constructor	OPEN
convex-rpc	reporting/analytics:trend	apps/convex/convex/reporting/analytics.ts:170	Convex native reporting owner; full production acceptance OPEN	reporting	query | public | app | direct native constructor	OPEN
convex-rpc	reporting/commercial:clients	apps/convex/convex/reporting/commercial.ts:56	Convex source candidate	reporting	query | public | app | direct native constructor	OPEN
convex-rpc	reporting/commercial:opportunities	apps/convex/convex/reporting/commercial.ts:26	Convex source candidate	reporting	query | public | app | direct native constructor	OPEN
convex-rpc	reporting/documents:page	apps/convex/convex/reporting/documents.ts:4	Convex source candidate	reporting	query | public | app | direct native constructor	OPEN
convex-rpc	reporting/meetings:page	apps/convex/convex/reporting/meetings.ts:3	Convex source candidate	reporting	query | public | app | direct native constructor	OPEN
convex-rpc	reporting/overview:activity	apps/convex/convex/reporting/overview.ts:90	Convex native reporting owner; full production acceptance OPEN	reporting	query | public | app | direct native constructor	OPEN
convex-rpc	reporting/overview:files	apps/convex/convex/reporting/overview.ts:107	Convex native reporting owner; full production acceptance OPEN	reporting	query | public | app | direct native constructor	OPEN
convex-rpc	reporting/overview:project	apps/convex/convex/reporting/overview.ts:14	Convex source candidate	reporting	query | public | app | direct native constructor	OPEN
convex-rpc	reporting/overview:resources	apps/convex/convex/reporting/overview.ts:67	Convex native reporting owner; full production acceptance OPEN	reporting	query | public | app | direct native constructor	OPEN
convex-rpc	reporting/projects:page	apps/convex/convex/reporting/projects.ts:3	Convex source candidate	reporting	query | public | app | direct native constructor	OPEN
convex-rpc	reporting/scope:resolve	apps/convex/convex/reporting/scope.ts:83	Convex native reporting owner; full production acceptance OPEN	reporting	query | public | app | direct native constructor	OPEN
convex-rpc	reporting/tasks:page	apps/convex/convex/reporting/tasks.ts:13	Convex source candidate	reporting	query | public | app | direct native constructor	OPEN
convex-rpc	resources/index:create	apps/convex/convex/resources/index.ts:82	Convex source candidate	resources-mcp	mutation | public | app | direct native constructor	OPEN
convex-rpc	resources/index:detail	apps/convex/convex/resources/index.ts:190	Convex source candidate	resources-mcp	query | public | app | direct native constructor	OPEN
convex-rpc	resources/index:documentOptions	apps/convex/convex/resources/index.ts:214	Convex source candidate	resources-mcp	query | public | app | direct native constructor	OPEN
convex-rpc	resources/index:get	apps/convex/convex/resources/index.ts:100	Convex source candidate	resources-mcp	query | public | app | direct native constructor	OPEN
convex-rpc	resources/index:list	apps/convex/convex/resources/index.ts:139	Convex source candidate	resources-mcp	query | public | app | direct native constructor	OPEN
convex-rpc	resources/index:remove	apps/convex/convex/resources/index.ts:128	Convex source candidate	resources-mcp	mutation | public | app | direct native constructor	OPEN
convex-rpc	resources/index:update	apps/convex/convex/resources/index.ts:107	Convex source candidate	resources-mcp	mutation | public | app | direct native constructor	OPEN
convex-rpc	savedViews/favorites:list	apps/convex/convex/savedViews/favorites.ts:19	Convex source candidate	views-search	query | public | app | direct native constructor	OPEN
convex-rpc	savedViews/favorites:set	apps/convex/convex/savedViews/favorites.ts:11	Convex source candidate	views-search	mutation | public | app | direct native constructor	OPEN
convex-rpc	savedViews/index:access	apps/convex/convex/savedViews/index.ts:154	Convex source candidate	views-search	query | public | app | direct native constructor	OPEN
convex-rpc	savedViews/index:create	apps/convex/convex/savedViews/index.ts:15	Convex source candidate	views-search	mutation | public | app | direct native constructor	OPEN
convex-rpc	savedViews/index:get	apps/convex/convex/savedViews/index.ts:72	Convex source candidate	views-search	query | public | app | direct native constructor	OPEN
convex-rpc	savedViews/index:lifecycle	apps/convex/convex/savedViews/index.ts:143	Convex source candidate	views-search	mutation | public | app | direct native constructor	OPEN
convex-rpc	savedViews/index:list	apps/convex/convex/savedViews/index.ts:84	Convex source candidate	views-search	query | public | app | direct native constructor	OPEN
convex-rpc	savedViews/index:resolve	apps/convex/convex/savedViews/index.ts:76	Convex source candidate	views-search	query | public | app | direct native constructor	OPEN
convex-rpc	savedViews/index:update	apps/convex/convex/savedViews/index.ts:41	Convex source candidate	views-search	mutation | public | app | direct native constructor	OPEN
convex-rpc	savedViews/results:list	apps/convex/convex/savedViews/results.ts:9	Convex source candidate	views-search	query | public | app | direct native constructor	OPEN
convex-rpc	savedViews/workspace:create	apps/convex/convex/savedViews/workspace.ts:18	Convex source candidate	views-search	mutation | public | app | direct native constructor	OPEN
convex-rpc	savedViews/workspace:favorite	apps/convex/convex/savedViews/workspace.ts:127	Convex source candidate	views-search	mutation | public | app | direct native constructor	OPEN
convex-rpc	savedViews/workspace:favorites	apps/convex/convex/savedViews/workspace.ts:135	Convex source candidate	views-search	query | public | app | direct native constructor	OPEN
convex-rpc	savedViews/workspace:get	apps/convex/convex/savedViews/workspace.ts:75	Convex source candidate	views-search	query | public | app | direct native constructor	OPEN
convex-rpc	savedViews/workspace:lifecycle	apps/convex/convex/savedViews/workspace.ts:113	Convex source candidate	views-search	mutation | public | app | direct native constructor	OPEN
convex-rpc	savedViews/workspace:list	apps/convex/convex/savedViews/workspace.ts:87	Convex source candidate	views-search	query | public | app | native directory, pre-page case-insensitive name search and workspace access	OPEN
convex-rpc	savedViews/workspace:resolve	apps/convex/convex/savedViews/workspace.ts:79	Convex source candidate	views-search	query | public | app | direct native constructor	OPEN
convex-rpc	savedViews/workspace:results	apps/convex/convex/savedViews/workspace.ts:165	Convex source candidate	views-search	query | public | app | direct native constructor	OPEN
convex-rpc	savedViews/workspace:update	apps/convex/convex/savedViews/workspace.ts:44	Convex source candidate	views-search	mutation | public | app | direct native constructor	OPEN
convex-rpc	savedViews/workspaceChoices:labels	apps/convex/convex/savedViews/workspaceChoices.ts:30	Convex source candidate	views-search	query | public | app | direct native constructor	OPEN
convex-rpc	savedViews/workspaceChoices:people	apps/convex/convex/savedViews/workspaceChoices.ts:48	Convex source candidate	views-search	query | public | app | direct native constructor	OPEN
convex-rpc	savedViews/workspaceChoices:states	apps/convex/convex/savedViews/workspaceChoices.ts:12	Convex source candidate	views-search	query | public | app | direct native constructor	OPEN
convex-rpc	settings/index:checkMcp	apps/convex/convex/settings/index.ts:102	Convex native shared-shell owner; full production acceptance OPEN	shared-shell	action | public | app | direct native constructor	OPEN
convex-rpc	settings/index:integrationStatus	apps/convex/convex/settings/index.ts:83	Convex native shared-shell owner; full production acceptance OPEN	shared-shell	query | public | app | direct native constructor	OPEN
convex-rpc	settings/index:metadata	apps/convex/convex/settings/index.ts:44	Convex source candidate	workspace	query | public | app | direct native constructor	OPEN
convex-rpc	settings/index:slugAvailability	apps/convex/convex/settings/index.ts:69	Convex source candidate	workspace	query | public | app | direct native constructor	OPEN
convex-rpc	settings/index:update	apps/convex/convex/settings/index.ts:12	Convex source candidate	workspace	mutation | public | app | direct native constructor	OPEN
convex-rpc	settings/logo:finalize	apps/convex/convex/settings/logo.ts:117	Convex source candidate	workspace	action | public | app | direct native constructor	OPEN
convex-rpc	settings/logo:get	apps/convex/convex/settings/logo.ts:13	Convex source candidate	workspace	query | public | app | direct native constructor	OPEN
convex-rpc	settings/logo:prepare	apps/convex/convex/settings/logo.ts:27	Convex source candidate	workspace	mutation | public | app | direct native constructor	OPEN
convex-rpc	settings/logo:receipt	apps/convex/convex/settings/logo.ts:97	Convex source candidate	workspace	query | internal | app | direct native constructor	OPEN
convex-rpc	settings/logo:remove	apps/convex/convex/settings/logo.ts:44	Convex source candidate	workspace	mutation | public | app | direct native constructor	OPEN
convex-rpc	settings/logo:removed	apps/convex/convex/settings/logo.ts:53	Convex source candidate	workspace	query | public | app | direct native constructor	OPEN
convex-rpc	settings/logo:restore	apps/convex/convex/settings/logo.ts:77	Convex source candidate	workspace	mutation | public | app | direct native constructor	OPEN
convex-rpc	stickies/index:create	apps/convex/convex/stickies/index.ts:52	Convex source candidate	stickies	mutation | public | app | direct native constructor	OPEN
convex-rpc	stickies/index:get	apps/convex/convex/stickies/index.ts:48	Convex source candidate	stickies	query | public | app | direct native constructor	OPEN
convex-rpc	stickies/index:list	apps/convex/convex/stickies/index.ts:25	Convex source candidate	stickies	query | public | app | direct native constructor	OPEN
convex-rpc	stickies/index:move	apps/convex/convex/stickies/index.ts:140	Convex source candidate	stickies	mutation | public | app | direct native constructor	OPEN
convex-rpc	stickies/index:remove	apps/convex/convex/stickies/index.ts:115	Convex source candidate	stickies	mutation | public | app | direct native constructor	OPEN
convex-rpc	stickies/index:reorder	apps/convex/convex/stickies/index.ts:101	Convex source candidate	stickies	mutation | public | app | direct native constructor	OPEN
convex-rpc	stickies/index:resolve	apps/convex/convex/stickies/index.ts:131	Convex source candidate	stickies	query | public | app | direct native constructor	OPEN
convex-rpc	stickies/index:restore	apps/convex/convex/stickies/index.ts:122	Convex source candidate	stickies	mutation | public | app | direct native constructor	OPEN
convex-rpc	stickies/index:update	apps/convex/convex/stickies/index.ts:80	Convex source candidate	stickies	mutation | public | app | direct native constructor	OPEN
convex-rpc	tasks/activity:exportDay	apps/convex/convex/tasks/activity.ts:131	Convex saved-timezone current-permission daily activity export	tasks	query | public | app | direct native constructor	OPEN
convex-rpc	tasks/activity:list	apps/convex/convex/tasks/activity.ts:17	Convex source candidate	tasks	query | public | app | direct native constructor	OPEN
convex-rpc	tasks/activity:profile	apps/convex/convex/tasks/activity.ts:119	Convex current-permission member activity feed	tasks	query | public | app | direct native constructor	OPEN
convex-rpc	tasks/assignees:list	apps/convex/convex/tasks/assignees.ts:10	Convex source candidate	tasks	query | public | app | direct native constructor	OPEN
convex-rpc	tasks/bulk_memberships:change	apps/convex/convex/tasks/bulk_memberships.ts:9	Convex source candidate	tasks	mutation | public | app | direct native constructor	OPEN
convex-rpc	tasks/bulk_properties:update	apps/convex/convex/tasks/bulk_properties.ts:9	Convex source candidate	tasks	mutation | public | app | direct native constructor	OPEN
convex-rpc	tasks/center:list	apps/convex/convex/tasks/center.ts:109	Convex readable Task Center table; canonical task capabilities and native assignees	tasks	query | public | app | direct native constructor	OPEN
convex-rpc	tasks/center:summary	apps/convex/convex/tasks/center.ts:147	Convex bounded authorized ownership-scope dashboard contributions; exact only after exhaustion	tasks	query | public | app | direct native constructor	OPEN
convex-rpc	tasks/commentReactions:access	apps/convex/convex/tasks/commentReactions.ts:45	Convex source candidate	tasks	query | public | app | direct native constructor	OPEN
convex-rpc	tasks/commentReactions:list	apps/convex/convex/tasks/commentReactions.ts:51	Convex source candidate	tasks	query | public | app | direct native constructor	OPEN
convex-rpc	tasks/commentReactions:publicList	apps/convex/convex/tasks/commentReactions.ts:70	Convex generated tasks/commentReactions public API candidate; full production acceptance OPEN	public-sharing	query | public | app | direct native constructor	OPEN
convex-rpc	tasks/commentReactions:publicSet	apps/convex/convex/tasks/commentReactions.ts:83	Convex generated tasks/commentReactions public API candidate; full production acceptance OPEN	public-sharing	mutation | public | app | direct native constructor	OPEN
convex-rpc	tasks/commentReactions:set	apps/convex/convex/tasks/commentReactions.ts:63	Convex source candidate	tasks	mutation | public | app | direct native constructor	OPEN
convex-rpc	tasks/comments:access	apps/convex/convex/tasks/comments.ts:28	Convex source candidate	tasks	query | public | app | direct native constructor	OPEN
convex-rpc	tasks/comments:adoptApiIdentity	apps/convex/convex/tasks/comments.ts:38	Convex canonical Task companion owner; production acceptance OPEN	external-api	internalMutation | internal | canonical current actor/project/task/UUID/link/comment boundaries; inherited field/error/role/concurrency/storage/event parity and actual public delivery acceptance OPEN	OPEN
convex-rpc	tasks/comments:create	apps/convex/convex/tasks/comments.ts:300	Convex source candidate	tasks	mutation | public | app | direct native constructor	OPEN
convex-rpc	tasks/comments:get	apps/convex/convex/tasks/comments.ts:363	Convex source candidate	tasks	query | public | app | direct native constructor	OPEN
convex-rpc	tasks/comments:list	apps/convex/convex/tasks/comments.ts:277	Convex source candidate	tasks	query | public | app | direct native constructor	OPEN
convex-rpc	tasks/comments:publicCreate	apps/convex/convex/tasks/comments.ts:439	Convex generated tasks.comments public API candidate; full production acceptance OPEN	public-sharing	mutation | public | app | direct native constructor	OPEN
convex-rpc	tasks/comments:publicGet	apps/convex/convex/tasks/comments.ts:430	Convex generated tasks.comments public API candidate; full production acceptance OPEN	public-sharing	query | public | app | direct native constructor	OPEN
convex-rpc	tasks/comments:publicList	apps/convex/convex/tasks/comments.ts:418	Convex generated tasks.comments public API candidate; full production acceptance OPEN	public-sharing	query | public | app | direct native constructor	OPEN
convex-rpc	tasks/comments:publicRemove	apps/convex/convex/tasks/comments.ts:460	Convex generated tasks.comments public API candidate; full production acceptance OPEN	public-sharing	mutation | public | app | direct native constructor	OPEN
convex-rpc	tasks/comments:publicUpdate	apps/convex/convex/tasks/comments.ts:453	Convex generated tasks.comments public API candidate; full production acceptance OPEN	public-sharing	mutation | public | app | direct native constructor	OPEN
convex-rpc	tasks/comments:remove	apps/convex/convex/tasks/comments.ts:339	Convex source candidate	tasks	mutation | public | app | direct native constructor	OPEN
convex-rpc	tasks/comments:restore	apps/convex/convex/tasks/comments.ts:347	Convex source candidate	tasks	mutation | public | app | direct native constructor	OPEN
convex-rpc	tasks/comments:update	apps/convex/convex/tasks/comments.ts:326	Convex source candidate	tasks	mutation | public | app | direct native constructor	OPEN
convex-rpc	tasks/description:get	apps/convex/convex/tasks/description.ts:18	Convex source candidate	tasks	query | public | app | direct native constructor	OPEN
convex-rpc	tasks/description:save	apps/convex/convex/tasks/description.ts:37	Convex source candidate	tasks	mutation | public | app | direct native constructor	OPEN
convex-rpc	tasks/drafts/copy:commit	apps/convex/convex/tasks/drafts/copy.ts:97	Convex source candidate	tasks	mutation | internal | app | direct native constructor	OPEN
convex-rpc	tasks/drafts/copy:fromTask	apps/convex/convex/tasks/drafts/copy.ts:218	Convex private draft staging from readable active task; actor/request idempotency	tasks	action | public | app | direct native constructor	OPEN
convex-rpc	tasks/drafts/copy:run	apps/convex/convex/tasks/drafts/copy.ts:131	Convex source candidate	tasks	action | public | app | direct native constructor	OPEN
convex-rpc	tasks/drafts/copy:snapshot	apps/convex/convex/tasks/drafts/copy.ts:42	Convex source candidate	tasks	query | internal | app | direct native constructor	OPEN
convex-rpc	tasks/drafts/copy:taskCommit	apps/convex/convex/tasks/drafts/copy.ts:175	Convex internal source CAS and independent private draft/image commit	tasks	mutation | internal | app | direct native constructor	OPEN
convex-rpc	tasks/drafts/copy:taskSnapshot	apps/convex/convex/tasks/drafts/copy.ts:174	Convex internal source/task/content/image snapshot owner	tasks	query | internal | app | direct native constructor	OPEN
convex-rpc	tasks/drafts/index:create	apps/convex/convex/tasks/drafts/index.ts:33	Convex authenticated private draft creation	tasks	mutation | public | app | direct native constructor	OPEN
convex-rpc	tasks/drafts/index:lifecycle	apps/convex/convex/tasks/drafts/index.ts:135	Convex authenticated private draft lifecycle with revision proof	tasks	mutation | public | app | direct native constructor	OPEN
convex-rpc	tasks/drafts/index:list	apps/convex/convex/tasks/drafts/index.ts:59	Convex authenticated owner draft list; permission-aware project/priority/search before pagination	tasks	query | public | app | direct native constructor	OPEN
convex-rpc	tasks/drafts/index:publish	apps/convex/convex/tasks/drafts/index.ts:145	Convex atomic draft publication, canonical task creation and image binding transfer	tasks	mutation | public | app | direct native constructor	OPEN
convex-rpc	tasks/drafts/index:resolve	apps/convex/convex/tasks/drafts/index.ts:75	Convex canonical private draft read and publication capability	tasks	query | public | app | direct native constructor	OPEN
convex-rpc	tasks/drafts/index:save	apps/convex/convex/tasks/drafts/index.ts:85	Convex private draft content/property/relationship save and acknowledgment	tasks	mutation | public | app | direct native constructor	OPEN
convex-rpc	tasks/hierarchy:children	apps/convex/convex/tasks/hierarchy.ts:53	Convex source candidate	tasks	query | public | app | direct native constructor	OPEN
convex-rpc	tasks/hierarchy:parent	apps/convex/convex/tasks/hierarchy.ts:49	Convex source candidate	tasks	query | public | app | direct native constructor	OPEN
convex-rpc	tasks/hierarchy:setParent	apps/convex/convex/tasks/hierarchy.ts:140	Convex source candidate	tasks	mutation | public | app | direct native constructor	OPEN
convex-rpc	tasks/history:capabilities	apps/convex/convex/tasks/history.ts:44	Convex source candidate	tasks	query | public | app | direct native constructor	OPEN
convex-rpc	tasks/history:get	apps/convex/convex/tasks/history.ts:93	Convex source candidate	tasks	query | public | app | direct native constructor	OPEN
convex-rpc	tasks/history:list	apps/convex/convex/tasks/history.ts:72	Convex source candidate	tasks	query | public | app | direct native constructor	OPEN
convex-rpc	tasks/history:prune	apps/convex/convex/tasks/history.ts:129	Convex source candidate	tasks	mutation | internal | app | direct native constructor	OPEN
convex-rpc	tasks/history:restore	apps/convex/convex/tasks/history.ts:102	Convex source candidate	tasks	mutation | public | app | direct native constructor	OPEN
convex-rpc	tasks/index:adoptApiIdentity	apps/convex/convex/tasks/index.ts:270	Convex native tasks owner; full production acceptance OPEN	tasks	mutation | internal | app | direct native constructor	OPEN
convex-rpc	tasks/index:backfillCollection	apps/convex/convex/tasks/index.ts:38	Convex native transactional Task collection index owner; activation/capacity OPEN	tasks	internalMutation | fixed1..20/1MiB page; canonical active cohort plus all13 orderings and inverse user assignment namespace; transactional repeat-safe reconciliation. Fresh full source/index equality, joined Task-name positions, profile rekey/relationship lifecycle,20x100 capacity and served API acceptance OPEN	OPEN
convex-rpc	tasks/index:create	apps/convex/convex/tasks/index.ts:125	Convex source candidate	tasks	mutation | public | app | direct native constructor	OPEN
convex-rpc	tasks/index:editSnapshot	apps/convex/convex/tasks/index.ts:180	Convex canonical editable task content/properties/relationship receipts	tasks	query | public | app | direct native constructor	OPEN
convex-rpc	tasks/index:get	apps/convex/convex/tasks/index.ts:142	Convex source candidate	tasks	query | public | app | direct native constructor	OPEN
convex-rpc	tasks/index:list	apps/convex/convex/tasks/index.ts:62	Convex source candidate	tasks	query | public | app | direct native constructor	OPEN
convex-rpc	tasks/index:setStatus	apps/convex/convex/tasks/index.ts:135	Convex source candidate	tasks	mutation | public | app | direct native constructor	OPEN
convex-rpc	tasks/index:setTitle	apps/convex/convex/tasks/index.ts:254	Convex source candidate	tasks	mutation | public | app | direct native constructor	OPEN
convex-rpc	tasks/index:update	apps/convex/convex/tasks/index.ts:190	Convex atomic task property/content/relationship writer with source receipts	tasks	mutation | public | app | direct native constructor	OPEN
convex-rpc	tasks/label_removal:adoptHistory	apps/convex/convex/tasks/label_removal.ts:322	Convex native tasks owner; full production acceptance OPEN	tasks	mutation | internal | app | direct native constructor	OPEN
convex-rpc	tasks/label_removal:begin	apps/convex/convex/tasks/label_removal.ts:55	Convex source candidate	tasks	mutation | public | app | direct native constructor	OPEN
convex-rpc	tasks/label_removal:cancel	apps/convex/convex/tasks/label_removal.ts:65	Convex source candidate	tasks	mutation | public | app | direct native constructor	OPEN
convex-rpc	tasks/label_removal:continueRemoval	apps/convex/convex/tasks/label_removal.ts:307	Convex native tasks owner; full production acceptance OPEN	tasks	mutation | internal | app | direct native constructor	OPEN
convex-rpc	tasks/label_removal:list	apps/convex/convex/tasks/label_removal.ts:32	Convex source candidate	tasks	query | public | app | direct native constructor	OPEN
convex-rpc	tasks/label_removal:step	apps/convex/convex/tasks/label_removal.ts:102	Convex source candidate	tasks	mutation | public | app | direct native constructor	OPEN
convex-rpc	tasks/labels:adoptCatalogue	apps/convex/convex/tasks/labels.ts:211	Convex native tasks owner; full production acceptance OPEN	tasks	mutation | internal | app | direct native constructor	OPEN
convex-rpc	tasks/labels:list	apps/convex/convex/tasks/labels.ts:20	Convex source candidate	tasks	query | public | app | direct native constructor	OPEN
convex-rpc	tasks/labels:save	apps/convex/convex/tasks/labels.ts:39	Convex source candidate	tasks	mutation | public | app | direct native constructor	OPEN
convex-rpc	tasks/labels:settings	apps/convex/convex/tasks/labels.ts:27	Convex native tasks owner; full production acceptance OPEN	tasks	query | public | app | direct native constructor	OPEN
convex-rpc	tasks/lifecycle:bulk	apps/convex/convex/tasks/lifecycle.ts:77	Convex source candidate	tasks	mutation | public | app | direct native constructor	OPEN
convex-rpc	tasks/lifecycle:bulkAccess	apps/convex/convex/tasks/lifecycle.ts:69	Convex source candidate	tasks	query | public | app | direct native constructor	OPEN
convex-rpc	tasks/lifecycle:change	apps/convex/convex/tasks/lifecycle.ts:63	Convex source candidate	tasks	mutation | public | app | direct native constructor	OPEN
convex-rpc	tasks/lifecycle:get	apps/convex/convex/tasks/lifecycle.ts:154	Convex source candidate	tasks	query | public | app | direct native constructor	OPEN
convex-rpc	tasks/lifecycle:list	apps/convex/convex/tasks/lifecycle.ts:105	Convex source candidate	tasks	query | public | app | direct native constructor	OPEN
convex-rpc	tasks/lifecycle:retire	apps/convex/convex/tasks/lifecycle.ts:419	Convex canonical Task retirement owner; production acceptance OPEN	tasks	internalMutation | internal | irreversible API intent and bounded native graph retirement; genuine PAT/cascade/expiry acceptance OPEN	OPEN
convex-rpc	tasks/links:access	apps/convex/convex/tasks/links.ts:74	Convex source candidate	tasks	query | public | app | direct native constructor	OPEN
convex-rpc	tasks/links:adoptApiIdentity	apps/convex/convex/tasks/links.ts:166	Convex canonical Task companion owner; production acceptance OPEN	external-api	internalMutation | internal | canonical current actor/project/task/UUID/link/comment boundaries; inherited field/error/role/concurrency/storage/event parity and actual public delivery acceptance OPEN	OPEN
convex-rpc	tasks/links:create	apps/convex/convex/tasks/links.ts:103	Convex source candidate	tasks	mutation | public | app | direct native constructor	OPEN
convex-rpc	tasks/links:get	apps/convex/convex/tasks/links.ts:99	Convex source candidate	tasks	query | public | app | direct native constructor	OPEN
convex-rpc	tasks/links:lifecycle	apps/convex/convex/tasks/links.ts:148	Convex source candidate	tasks	mutation | public | app | direct native constructor	OPEN
convex-rpc	tasks/links:list	apps/convex/convex/tasks/links.ts:84	Convex source candidate	tasks	query | public | app | direct native constructor	OPEN
convex-rpc	tasks/links:update	apps/convex/convex/tasks/links.ts:124	Convex source candidate	tasks	mutation | public | app | direct native constructor	OPEN
convex-rpc	tasks/profile:list	apps/convex/convex/tasks/profile.ts:222	Convex permission-filtered Profile task list and generated task projections; production acceptance OPEN	tasks	query | public | app | direct native constructor	OPEN
convex-rpc	tasks/profile:preferences	apps/convex/convex/tasks/profile.ts:63	Convex authenticated viewer workspace profile preferences	tasks	query | public | app | direct native constructor	OPEN
convex-rpc	tasks/profile:savePreferences	apps/convex/convex/tasks/profile.ts:80	Convex canonical viewer preference writer with revision and label access	tasks	mutation | public | app | direct native constructor	OPEN
convex-rpc	tasks/profile:subject	apps/convex/convex/tasks/profile.ts:187	Convex workspace Profile subject and membership boundary; production acceptance OPEN	tasks	query | public | app | direct native constructor	OPEN
convex-rpc	tasks/profile:summary	apps/convex/convex/tasks/profile.ts:296	Convex paginated authorized Profile summary contributions; production acceptance OPEN	tasks	query | public | app | direct native constructor	OPEN
convex-rpc	tasks/reactions:access	apps/convex/convex/tasks/reactions.ts:36	Convex source candidate	tasks	query | public | app | direct native constructor	OPEN
convex-rpc	tasks/reactions:list	apps/convex/convex/tasks/reactions.ts:40	Convex source candidate	tasks	query | public | app | direct native constructor	OPEN
convex-rpc	tasks/reactions:publicList	apps/convex/convex/tasks/reactions.ts:62	Convex generated tasks/reactions public API candidate; full production acceptance OPEN	public-sharing	query | public | app | direct native constructor	OPEN
convex-rpc	tasks/reactions:publicSet	apps/convex/convex/tasks/reactions.ts:75	Convex generated tasks/reactions public API candidate; full production acceptance OPEN	public-sharing	mutation | public | app | direct native constructor	OPEN
convex-rpc	tasks/reactions:set	apps/convex/convex/tasks/reactions.ts:54	Convex source candidate	tasks	mutation | public | app | direct native constructor	OPEN
convex-rpc	tasks/relationships:add	apps/convex/convex/tasks/relationships.ts:107	Convex source candidate	tasks	mutation | public | app | direct native constructor	OPEN
convex-rpc	tasks/relationships:list	apps/convex/convex/tasks/relationships.ts:42	Convex source candidate	tasks	query | public | app | direct native constructor	OPEN
convex-rpc	tasks/relationships:remove	apps/convex/convex/tasks/relationships.ts:168	Convex source candidate	tasks	mutation | public | app | direct native constructor	OPEN
convex-rpc	tasks/states:adoptCatalogue	apps/convex/convex/tasks/states.ts:301	Convex native tasks owner; full production acceptance OPEN	tasks	mutation | internal | app | direct native constructor	OPEN
convex-rpc	tasks/states:list	apps/convex/convex/tasks/states.ts:21	Convex source candidate	tasks	query | public | app | direct native constructor	OPEN
convex-rpc	tasks/states:markDefault	apps/convex/convex/tasks/states.ts:218	Convex native tasks owner; full production acceptance OPEN	tasks	mutation | public | app | direct native constructor	OPEN
convex-rpc	tasks/states:remove	apps/convex/convex/tasks/states.ts:253	Convex source candidate	tasks	mutation | public | app | direct native constructor	OPEN
convex-rpc	tasks/states:reorder	apps/convex/convex/tasks/states.ts:229	Convex native tasks owner; full production acceptance OPEN	tasks	mutation | public | app | direct native constructor	OPEN
convex-rpc	tasks/states:save	apps/convex/convex/tasks/states.ts:179	Convex source candidate	tasks	mutation | public | app | direct native constructor	OPEN
convex-rpc	tasks/votes:actors	apps/convex/convex/tasks/votes.ts:29	Convex generated tasks.votes public API candidate; full production acceptance OPEN	public-sharing	query | public | app | direct native constructor	OPEN
convex-rpc	tasks/votes:set	apps/convex/convex/tasks/votes.ts:64	Convex generated tasks.votes public API candidate; full production acceptance OPEN	public-sharing	mutation | public | app | direct native constructor	OPEN
convex-rpc	tasks/votes:summary	apps/convex/convex/tasks/votes.ts:20	Convex generated tasks.votes public API candidate; full production acceptance OPEN	public-sharing	query | public | app | direct native constructor	OPEN
convex-rpc	tasks/votes:viewer	apps/convex/convex/tasks/votes.ts:50	Convex generated tasks.votes public API candidate; full production acceptance OPEN	public-sharing	query | public | app | direct native constructor	OPEN
convex-rpc	webhooks/actions:create	apps/convex/convex/webhooks/actions.ts:9	Convex native external-api owner; full production acceptance OPEN	external-api	action | public | app | direct native constructor	OPEN
convex-rpc	webhooks/actions:regenerate	apps/convex/convex/webhooks/actions.ts:21	Convex native external-api owner; full production acceptance OPEN	external-api	action | public | app | direct native constructor	OPEN
convex-rpc	webhooks/actions:send	apps/convex/convex/webhooks/actions.ts:34	Convex canonical Task title webhook owner; production acceptance OPEN	external-api	internalAction | internal | signed canonical title event, native scheduler/blob/revocation owner; actual delivery/retry/large-rich/sweep acceptance OPEN	OPEN
convex-rpc	webhooks/index:authorizeCreate	apps/convex/convex/webhooks/index.ts:99	Convex native external-api owner; full production acceptance OPEN	external-api	query | internal | app | direct native constructor	OPEN
convex-rpc	webhooks/index:authorizeRotate	apps/convex/convex/webhooks/index.ts:157	Convex native external-api owner; full production acceptance OPEN	external-api	query | internal | app | direct native constructor	OPEN
convex-rpc	webhooks/index:capture	apps/convex/convex/webhooks/index.ts:338	Convex canonical Task title webhook owner; production acceptance OPEN	external-api	internalMutation | internal | signed canonical title event, native scheduler/blob/revocation owner; actual delivery/retry/large-rich/sweep acceptance OPEN	OPEN
convex-rpc	webhooks/index:claim	apps/convex/convex/webhooks/index.ts:251	Convex canonical Task title webhook owner; production acceptance OPEN	external-api	internalMutation | internal | signed canonical title event, native scheduler/blob/revocation owner; actual delivery/retry/large-rich/sweep acceptance OPEN	OPEN
convex-rpc	webhooks/index:createEncrypted	apps/convex/convex/webhooks/index.ts:106	Convex native external-api owner; full production acceptance OPEN	external-api	mutation | internal | app | direct native constructor	OPEN
convex-rpc	webhooks/index:fanout	apps/convex/convex/webhooks/index.ts:206	Convex canonical Task title webhook owner; production acceptance OPEN	external-api	internalMutation | internal | signed canonical title event, native scheduler/blob/revocation owner; actual delivery/retry/large-rich/sweep acceptance OPEN	OPEN
convex-rpc	webhooks/index:finish	apps/convex/convex/webhooks/index.ts:350	Convex canonical Task title webhook owner; production acceptance OPEN	external-api	internalMutation | internal | signed canonical title event, native scheduler/blob/revocation owner; actual delivery/retry/large-rich/sweep acceptance OPEN	OPEN
convex-rpc	webhooks/index:get	apps/convex/convex/webhooks/index.ts:77	Convex native external-api owner; full production acceptance OPEN	external-api	query | public | app | direct native constructor	OPEN
convex-rpc	webhooks/index:history	apps/convex/convex/webhooks/index.ts:394	Convex canonical Task title webhook owner; production acceptance OPEN	external-api	query | public-admin | signed canonical title event, native scheduler/blob/revocation owner; actual delivery/retry/large-rich/sweep acceptance OPEN	OPEN
convex-rpc	webhooks/index:list	apps/convex/convex/webhooks/index.ts:65	Convex native external-api owner; full production acceptance OPEN	external-api	query | public | app | direct native constructor	OPEN
convex-rpc	webhooks/index:options	apps/convex/convex/webhooks/index.ts:88	Convex native external-api owner; full production acceptance OPEN	external-api	query | public | app | direct native constructor	OPEN
convex-rpc	webhooks/index:remove	apps/convex/convex/webhooks/index.ts:149	Convex native external-api owner; full production acceptance OPEN	external-api	mutation | public | app | direct native constructor	OPEN
convex-rpc	webhooks/index:rotateEncrypted	apps/convex/convex/webhooks/index.ts:164	Convex native external-api owner; full production acceptance OPEN	external-api	mutation | internal | app | direct native constructor	OPEN
convex-rpc	webhooks/index:sending	apps/convex/convex/webhooks/index.ts:286	Convex canonical Task title webhook owner; production acceptance OPEN	external-api	internalQuery | internal | signed canonical title event, native scheduler/blob/revocation owner; actual delivery/retry/large-rich/sweep acceptance OPEN	OPEN
convex-rpc	webhooks/index:setActive	apps/convex/convex/webhooks/index.ts:135	Convex native external-api owner; full production acceptance OPEN	external-api	mutation | public | app | direct native constructor	OPEN
convex-rpc	webhooks/index:snapshot	apps/convex/convex/webhooks/index.ts:296	Convex canonical Task title webhook owner; production acceptance OPEN	external-api	internalQuery | internal | signed canonical title event, native scheduler/blob/revocation owner; actual delivery/retry/large-rich/sweep acceptance OPEN	OPEN
convex-rpc	webhooks/index:update	apps/convex/convex/webhooks/index.ts:124	Convex native external-api owner; full production acceptance OPEN	external-api	mutation | public | app | direct native constructor	OPEN
convex-rpc	workspaces/index:changeMemberRole	apps/convex/convex/workspaces/index.ts:362	Convex source candidate	workspace	mutation | public | app | direct native constructor	OPEN
convex-rpc	workspaces/index:create	apps/convex/convex/workspaces/index.ts:282	Convex source candidate	workspace	mutation | public | app | direct native constructor	OPEN
convex-rpc	workspaces/index:leave	apps/convex/convex/workspaces/index.ts:401	Convex source candidate	workspace	mutation | public | app | direct native constructor	OPEN
convex-rpc	workspaces/index:list	apps/convex/convex/workspaces/index.ts:31	Convex source candidate	workspace	query | public | app | direct native constructor	OPEN
convex-rpc	workspaces/index:members	apps/convex/convex/workspaces/index.ts:305	Convex source candidate	workspace	query | public | app | direct native constructor	OPEN
convex-rpc	workspaces/index:revokeMember	apps/convex/convex/workspaces/index.ts:386	Convex source candidate	workspace	mutation | public | app | direct native constructor	OPEN
convex-rpc	workspaces/index:searchEntities	apps/convex/convex/workspaces/index.ts:58	Convex native shared-shell owner; full production acceptance OPEN	shared-shell	query | public | app | direct native constructor	OPEN
convex-rpc	workspaces/lifecycle:backfill	apps/convex/convex/workspaces/lifecycle.ts:66	Convex source candidate	workspace	mutation | internal | app | direct native constructor	OPEN
convex-rpc	workspaces/lifecycle:get	apps/convex/convex/workspaces/lifecycle.ts:32	Convex source candidate	workspace	query | public | app | direct native constructor	OPEN
convex-rpc	workspaces/lifecycle:list	apps/convex/convex/workspaces/lifecycle.ts:36	Convex source candidate	workspace	query | public | app | direct native constructor	OPEN
convex-rpc	workspaces/lifecycle:setDeleted	apps/convex/convex/workspaces/lifecycle.ts:51	Convex source candidate	workspace	mutation | public | app | direct native constructor	OPEN
convex-rpc	workspaces/member_count:page	apps/convex/convex/workspaces/member_count.ts:7	Convex source candidate	workspace	query | public | app | direct native constructor	OPEN
standalone-background-job	transcription Jobs.maintain daemon	apps/transcription/server.py:402	Repository transcription SQLite/audio retention owner	meetings	registration=__main__ daemon; cadence=sleep30s then cleanup; GET/job submission/worker also invoke cleanup; default result retention86400s configurable1..604800s; cancelled tombstones max(retention,86400s), stale running fails after processing timeout; orphan audio cleanup/startup upload cleanup; acceptance=actual clock expiry/cancellation tombstone/persisted files/database rows/startup/restart with original data preserved; timer source does not prove elapsed-time behavior.	OPEN
standalone-background-job	transcription Jobs.worker daemon	apps/transcription/server.py:401	Repository transcription FIFO SQLite queue and single decoder owner	meetings	registration=__main__ creates Jobs then daemon thread; cadence=cleanup each loop; oldest queued record, wake on submit/Event or wait30s if empty; status running persisted before decode; global model lock serializes synchronous+async; processing timeout default1800s, worker timeout/cancel polling0.1s; restart requeues running, final write checks same created_at+running; text<=120000/lang<=100; removes audio after completion; acceptance=real FIFO/bounds/restart/cancel/timeout/concurrency/late completion/retention; not a Convex cron or merely an HTTP endpoint.	OPEN
standalone-http	DELETE /jobs/{id:[a-z0-9]{32}} [transcription]	apps/transcription/server.py:303	Repository transcription Jobs cancellation/tombstone owner	meetings	auth=async _job_id verifies nonempty TRANSCRIPTION_API_KEY with constant-time Bearer comparison (unset503/wrong401), exact32 lowercase alphanumeric id; native provider additionally requires key>=16 and origin root HTTP(S); no per-user sidecar ACL, caller owns recording authorization; body=none; cancels queued/running and deletes audio; unknown ids retain cancellation intent to prevent later in-flight upload resurrection; completed/failed unchanged; response200{id,status,error}; caller=native meetings.transcription.provider.cancel for meeting runs and Assistant attachment removal; no own retry schedule, sidecar retention cleanup owns failed best-effort cleanup; cancellation tombstone retained max(configured result retention,86400s); acceptance=preupload/queued/running cancel, durable restart, late upload/late completion denial, timer cleanup and actor/source revocation.	OPEN
standalone-http	GET /health [codex-bridge]	apps/codex-bridge/server.mjs:146	Standalone summon-codex-bridge Node HTTP owner	operations	body=none; auth=NONE; exact request.url/no query or slash alias; response200 status ok; caller=deployments/dokploy/compose.yml healthcheck; replacement=current bridge; acceptance=served source/image/reachability and method/unknown404; health does not prove provider credentials/execution.	OPEN
standalone-http	GET /health [transcription]	apps/transcription/server.py:292	Repository transcription Handler readiness	meetings	body=none; auth=NONE; exact self.path/no query/slash alias; response200 status ok/no-store; caller=Dokploy compose healthcheck every10s timeout5s retries10; replacement=current shared sidecar; acceptance=served build/readiness/errors/configuration and distinguish decoder/model/queue readiness from mere health200.	OPEN
standalone-http	GET /healthz [document-worker]	apps/document-worker/server.py:162	Private document worker Handler	operations	body=none; auth=constant-time Authorization Bearer DOCUMENT_WORKER_TOKEN before path lookup; exact self.path/no query or slash alias; health200 JSON status ok/no-store, authenticated unknown404, missing/wrong token401; caller=operations/readiness; no committed compose healthcheck/product caller found; replacement=current worker; acceptance=exact served worker/source/URL/token/auth/status/header readiness. Other Python handler methods are defaults, not named registrations.	OPEN
standalone-http	GET /jobs/{id:[a-z0-9]{32}} [transcription]	apps/transcription/server.py:294	Repository transcription Jobs SQLite state owner	meetings	auth=async _job_id verifies nonempty TRANSCRIPTION_API_KEY with constant-time Bearer comparison (unset503/wrong401), exact32 lowercase alphanumeric id; native provider additionally requires key>=16 and origin root HTTP(S); no per-user sidecar ACL, caller owns recording authorization; body=none; authenticated read calls cleanup first; response200{id,status,error}, completed additionally{text,language}, unknown404; caller=native meetings.transcription.provider.transcribe and assistant.attachment_upload; native successful pending cadence5s poll, durable360s watchdog/two-hour domain deadline; sidecar30s maintenance/result retention86400s default; replacement=current async native owner; acceptance=real recording/status/text/language/ACL/source revision/retry/restart/retention/empty-invalid response/auth and no leaked former-owner content.	OPEN
standalone-http	GET /live/health [native Live]	apps/live/src/start.ts:31	Canonical native Live Express health + Hocuspocus onRequest	operations	start.ts app.all `${LIVE_BASE_PATH}/health`, default/live; GET200/no-store, known other methods405 AllowGET, Express default query/trailing-slash policy; unknown ordinary HTTP404 and empty rejection suppresses Hocuspocus fallback. Native metadata/startup source only; liveness does not prove document persistence or PDF execution; runtime acceptance OPEN.	OPEN
standalone-http	GET /live/health/ [native Live]	apps/live/src/start.ts:31	Canonical native Live Express health + Hocuspocus onRequest	operations	start.ts app.all `${LIVE_BASE_PATH}/health`, default/live; GET200/no-store, known other methods405 AllowGET, Express default query/trailing-slash policy; unknown ordinary HTTP404 and empty rejection suppresses Hocuspocus fallback. Native metadata/startup source only; liveness does not prove document persistence or PDF execution; runtime acceptance OPEN.	OPEN
standalone-http	POST ${LIVE_BASE_PATH:-/live}/convert-document/ [native Live]	apps/live/src/controllers/document.controller.ts:28	Canonical Live DocumentController + existing shared editor converters	documents	body=exact inherited Zod description_html+variant rich|document; auth=NONE converter; native start.ts registered same shared controller; existing HTML/JSON/Yjs converter/results/errors; conversion/invalid input/body/headers/native served identity and runtime acceptance OPEN	OPEN
standalone-http	POST ${LIVE_BASE_PATH:-/live}/pdf-export/ [native Live]	apps/live/src/controllers/pdf-export.controller.ts:55	Canonical Live PdfExportController + native Better Auth/Convex document and asset owners	documents	body=Effect Schema inherited PDF input; cookie required before native token/current document scope; startup native CONVEX_URL/CONVEX_SITE_URL, protected image/mentions/title reader and existing renderer. Actual protected-image/PDF bytes/title/mentions/guest/expiry/denial/startup and runtime acceptance OPEN	OPEN
standalone-http	POST /export [document-worker]	apps/document-worker/server.py:92	Private document worker + existing DataExporter formatters	workspace	body=JSON exact{format,name,files:[{name,records:object[]}]}; request<=10MiB, exporter validates formatter/name/nonempty files/unique names/ZIP<=10MiB; auth=private bearer; caller=exports.worker.run current project authority on each page -> parsed ZIP/content/storage/completion; replacement=current native export owner; acceptance=CSV/XLSX/JSON per-project/grouped ZIP/UTF8/schema/ACL/private rows/source-project revocation/malformed/busy/timeout/lifetime/cleanup; worker formatting is not source authorization.	OPEN
standalone-http	POST /extract [document-worker]	apps/document-worker/server.py:169	Private document worker + summon_documents.context	automation	body=raw upload<=10MiB, exactly one Content-Length/no Transfer-Encoding, URL-decoded X-Document-Name safe<=255 and extension/MIME from DOCUMENT_TYPES; auth=private bearer; caller=automation.generate.extract after uploaded-asset ACL and before final ACL recheck; response=name/text<=30000/truncated; common2-slot/30s child/20MiB response/Linux512MiB bounds; replacement=current native action; acceptance=real supported PDF/Office/text/context/truncation/archive expansion/invalid filename-MIME/oversize/busy/timeout/revoked ACL/parser/artifacts.	OPEN
standalone-http	POST /generate [codex-bridge]	apps/codex-bridge/server.mjs:150	Standalone summon-codex-bridge + Codex CLI credential volume	assistant	body=JSON model nonblank<=100/system:string/messages<=100 role assistant|user/content:string/response_schema:null|object; request<=2MiB; auth=NONE HTTP (native assistant.provider and Django CodexProvider send only Content-Type); binds0.0.0.0, compose private network/no published port is deployment isolation not route auth; caller=native assistant.provider codex and Django app/services/llm.py CodexProvider (Assistant/Automation); codex exec ephemeral/read-only workspace/optional output schema/bounded timeout; response{text,model,usage:null}; replacement=native still uses same bridge, OpenRouter distinct provider; acceptance=approved real credential/network isolation/actual callers/parser/schema/empty/auth/rate/timeout/oversize.	OPEN
standalone-http	POST /import-avatar [document-worker]	apps/document-worker/server.py:214	Private document worker + existing pinned safe image downloader	identity	body=JSON exact{url:string1..2048,max_bytes:int1..5MiB}; auth=private bearer; caller=identity.oauth.sync.importAvatar source eligibility -> worker -> parsed MIME/base64/content/storage/current-sync completion; response=PNG/JPEG/GIF/WebP contentType/base64; downloader validates pinned DNS/redirects/credentials/type/stream limit; replacement=current native OAuth/SYNC owner; acceptance=real verified provider avatar/SSRF/redirect/nonimage/oversize/timeout/stale profile/account restriction/orphan cleanup.	OPEN
standalone-http	POST /jobs/{id:[a-z0-9]{32}} [transcription]	apps/transcription/server.py:313	Repository transcription Jobs durable upload/decoder queue	meetings	auth=async _job_id verifies nonempty TRANSCRIPTION_API_KEY with constant-time Bearer comparison (unset503/wrong401), exact32 lowercase alphanumeric id; native provider additionally requires key>=16 and origin root HTTP(S); no per-user sidecar ACL, caller owns recording authorization; body=raw audio, one decimal Content-Length/no Transfer-Encoding, size1..TRANSCRIPTION_MAX_BYTES default262144000, MIME AUDIO_TYPES, canonical Base64 X-Content-SHA25632bytes matching actual bytes; upload timeout300s/default queue16 max64; status202new/200same-or-cancelled/409input conflict/429full/422digest; native caller streams authorized storage with digest and same stable job id, uploads after GET404, assistant uses same provider; SQLite/files private persisted /data; replacement=current native upload owner; acceptance=genuine audio/idempotence/digest/conflict/cancel-during-upload/busy/timeout/restart/ACL/recording change and schema-validated transcript.	OPEN
standalone-http	POST /render [document-worker]	apps/document-worker/server.py:221	Private document worker + summon_documents.renderer	automation	body=JSON exact{document_type,title,content}, nonempty strings<=80/255/100000, request<=10MiB; auth=private bearer; caller=automation.generate.render authorized publication -> parsed artifacts/content validation/storage/completion-or-discard; response=artifacts[{name,contentType,format,base64}]; common2-slot/30s/20MiB bounds; replacement=current native action; acceptance=real approved generation/output formats/rendered-file inspection/download ACL/revocation/error/partial allocation cleanup/idempotent completion.	OPEN
standalone-http	POST /transcribe [transcription; legacy synchronous]	apps/transcription/server.py:314	Repository transcription shared serialized decoder; inherited Django consumers	meetings	body=raw bytes1..MAX_BYTES/one Content-Length/no Transfer-Encoding; auth=NONE; MIME/digest checks are applied only to async jobs, not this route; decoder timeout configured default1800s/max1800 shares global lock with jobs; response200{text,language}/422empty/500failure; caller=Django summon.services.transcription.transcribe_file_asset -> meeting recording and Assistant attachment Celery tasks, request timeout1800s/no bearer; replacement=native async jobs owner, synchronous compatibility retirement requires actual Django consumers cut over; acceptance=genuine audio/language/empty/failure/bounds/blocking/concurrency and legacy consumer retirement.	OPEN
standalone-http	POST /webhook [document-worker]	apps/document-worker/server.py:90	Private document worker + existing pinned safe transport	external-api	body=JSON exact{url,body,delivery_id,signature}; auth=private bearer; canonical UUID/lowercase HMAC-SHA256/10MiB envelope; caller=webhooks.actions.send after current subscription check and native immutable snapshot adoption; pinned DNS/no redirects/30s transport; response=http status|transport|blocked classifications, no receiver body; acceptance=real signature bytes/HTTP terminal/transport-only six attempts/uncertain interruption/revocation/large rich content/storage cleanup; all runtime acceptance OPEN	OPEN
standalone-websocket	WS native Live listener; room=convex:<documentId>	apps/live/src/convex/documents.ts:121	Canonical native Live + ConvexHocuspocus + Convex document ACL/revisions	documents	Canonical start.ts listener; native room=convex:<documentId>, existing unrestricted Hocuspocus upgrade path (one finite listener); fresh native JWT callback and current ACL/revision authority. Inherited legacy Express/Redis/Django listener is not registered by canonical startup; its unused legacy source was removed in committed d12; current canonical native registration remains the only listener; old protocol/role/reconnect/save/recovery and all runtime acceptance remain OPEN. Source registration does not prove served dist or successful role journey.	OPEN
